Disease,Symptom_1,Symptom_2,Symptom_3,Symptom_4,Symptom_5,Symptom_6,Symptom_7,Symptom_8,Symptom_9,Symptom_10,Symptom_11,Symptom_12,Symptom_13,Symptom_14,Symptom_15,Symptom_16,Symptom_17,Symptom_18,Symptom_19,Symptom_20,Symptom_21,Symptom_22,Symptom_23,Symptom_24,Symptom_25,Symptom_26,Symptom_27,Symptom_28
Mantar Enfeksiyonu,kaşıntı,deri döküntüsü,bezeli cilt döküntüleri,diskromik yamalar,,,,,,,,,,,,,,,,,,,,,,,,
Mantar Enfeksiyonu,deri döküntüsü,bezeli cilt döküntüleri,diskromik yamalar,,,,,,,,,,,,,,,,,,,,,,,,,
Mantar Enfeksiyonu,kaşıntı,bezeli cilt döküntüleri,diskromik yamalar,,,,,,,,,,,,,,,,,,,,,,,,,
Mantar Enfeksiyonu,kaşıntı,deri döküntüsü,diskromik yamalar,,,,,,,,,,,,,,,,,,,,,,,,,
Mantar Enfeksiyonu,kaşıntı,deri döküntüsü,bezeli cilt döküntüleri,,,,,,,,,,,,,,,,,,,,,,,,,
Alerji,sürekli hapşırmak,titremek,üşümek,gözlerde sulanma,,,,,,,,,,,,,,,,,,,,,,,,
Alerji,titremek,üşümek,gözlerde sulanma,,,,,,,,,,,,,,,,,,,,,,,,,
Alerji,sürekli hapşırmak,üşümek,gözlerde sulanma,,,,,,,,,,,,,,,,,,,,,,,,,
Alerji,sürekli hapşırmak,titremek,gözlerde sulanma,,,,,,,,,,,,,,,,,,,,,,,,,
Alerji,sürekli hapşırmak,titremek,üşümek,,,,,,,,,,,,,,,,,,,,,,,,,
GERD,karın ağrısı,asitlik,dildeki ülserler,kusma,öksürük,göğüs ağrısı,,,,,,,,,,,,,,,,,,,,,,
GERD,karın ağrısı,dildeki ülserler,kusma,öksürük,göğüs ağrısı,,,,,,,,,,,,,,,,,,,,,,,
GERD,karın ağrısı,asitlik,kusma,öksürük,göğüs ağrısı,,,,,,,,,,,,,,,,,,,,,,,
GERD,karın ağrısı,asitlik,dildeki ülserler,öksürük,göğüs ağrısı,,,,,,,,,,,,,,,,,,,,,,,
GERD,karın ağrısı,asitlik,dildeki ülserler,kusma,göğüs ağrısı,,,,,,,,,,,,,,,,,,,,,,,
GERD,karın ağrısı,asitlik,dildeki ülserler,kusma,öksürük,,,,,,,,,,,,,,,,,,,,,,,
GERD,asitlik,dildeki ülserler,kusma,öksürük,göğüs ağrısı,,,,,,,,,,,,,,,,,,,,,,,
Kronik Kolestaz,kaşıntı,kusma,sarımsı cilt,mide bulantısı,iştah kaybı,karın ağrısı,gözlerin sararması,,,,,,,,,,,,,,,,,,,,,
Kronik Kolestaz,kusma,sarımsı cilt,mide bulantısı,iştah kaybı,karın ağrısı,gözlerin sararması,,,,,,,,,,,,,,,,,,,,,,
Kronik Kolestaz,kaşıntı,sarımsı cilt,mide bulantısı,iştah kaybı,karın ağrısı,gözlerin sararması,,,,,,,,,,,,,,,,,,,,,,
Kronik Kolestaz,kaşıntı,kusma,mide bulantısı,iştah kaybı,karın ağrısı,gözlerin sararması,,,,,,,,,,,,,,,,,,,,,,
Kronik Kolestaz,kaşıntı,kusma,sarımsı cilt,iştah kaybı,karın ağrısı,gözlerin sararması,,,,,,,,,,,,,,,,,,,,,,
Kronik Kolestaz,kaşıntı,kusma,sarımsı cilt,mide bulantısı,karın ağrısı,gözlerin sararması,,,,,,,,,,,,,,,,,,,,,,
Kronik Kolestaz,kaşıntı,kusma,sarımsı cilt,mide bulantısı,iştah kaybı,gözlerin sararması,,,,,,,,,,,,,,,,,,,,,,
Kronik Kolestaz,kaşıntı,kusma,sarımsı cilt,mide bulantısı,iştah kaybı,karın ağrısı,,,,,,,,,,,,,,,,,,,,,,
İlaç Reaksiyonu,kaşıntı,deri döküntüsü,karın ağrısı,idrar yaparken yanma,lekeli idrar,,,,,,,,,,,,,,,,,,,,,,,
İlaç Reaksiyonu,kaşıntı,karın ağrısı,idrar yaparken yanma,lekeli idrar,,,,,,,,,,,,,,,,,,,,,,,,
İlaç Reaksiyonu,kaşıntı,deri döküntüsü,idrar yaparken yanma,lekeli idrar,,,,,,,,,,,,,,,,,,,,,,,,
İlaç Reaksiyonu,kaşıntı,deri döküntüsü,karın ağrısı,lekeli idrar,,,,,,,,,,,,,,,,,,,,,,,,
İlaç Reaksiyonu,kaşıntı,deri döküntüsü,karın ağrısı,idrar yaparken yanma,,,,,,,,,,,,,,,,,,,,,,,,
İlaç Reaksiyonu,deri döküntüsü,karın ağrısı,idrar yaparken yanma,lekeli idrar,,,,,,,,,,,,,,,,,,,,,,,,
Peptik Ülser Hastalığı,kusma,iştah kaybı,karın ağrısı,gaz çıkışı,iç kaşıntı,,,,,,,,,,,,,,,,,,,,,,,
Peptik Ülser Hastalığı,kusma,hazımsızlık,karın ağrısı,gaz çıkışı,iç kaşıntı,,,,,,,,,,,,,,,,,,,,,,,
Peptik Ülser Hastalığı,hazımsızlık,iştah kaybı,karın ağrısı,gaz çıkışı,iç kaşıntı,,,,,,,,,,,,,,,,,,,,,,,
Peptik Ülser Hastalığı,kusma,hazımsızlık,iştah kaybı,gaz çıkışı,iç kaşıntı,,,,,,,,,,,,,,,,,,,,,,,
Peptik Ülser Hastalığı,kusma,hazımsızlık,iştah kaybı,karın ağrısı,iç kaşıntı,,,,,,,,,,,,,,,,,,,,,,,
Peptik Ülser Hastalığı,kusma,hazımsızlık,iştah kaybı,karın ağrısı,gaz çıkışı,,,,,,,,,,,,,,,,,,,,,,,
Peptik Ülser Hastalığı,kusma,hazımsızlık,iştah kaybı,karın ağrısı,gaz çıkışı,iç kaşıntı,,,,,,,,,,,,,,,,,,,,,,
AIDS,kas erimesi,boğazdaki lekeler,yüksek ateş,evlilik dışı ilişkiler,,,,,,,,,,,,,,,,,,,,,,,,
AIDS,boğazdaki lekeler,yüksek ateş,evlilik dışı ilişkiler,,,,,,,,,,,,,,,,,,,,,,,,,
AIDS,kas erimesi,yüksek ateş,evlilik dışı ilişkiler,,,,,,,,,,,,,,,,,,,,,,,,,
AIDS,kas erimesi,boğazdaki lekeler,evlilik dışı ilişkiler,,,,,,,,,,,,,,,,,,,,,,,,,
AIDS,kas erimesi,boğazdaki lekeler,yüksek ateş,,,,,,,,,,,,,,,,,,,,,,,,,
Diyabet,yorgunluk,kilo kaybı,huzursuzluk,rehavet,düzensiz şeker seviyesi,bulanık ve bozuk görüş,obezite,aşırı açlık,iştah artışı,sık idrara çıkma,,,,,,,,,,,,,,,,,,
Diyabet,kilo kaybı,huzursuzluk,rehavet,düzensiz şeker seviyesi,bulanık ve bozuk görüş,obezite,aşırı açlık,iştah artışı,sık idrara çıkma,,,,,,,,,,,,,,,,,,,
Diyabet,yorgunluk,huzursuzluk,rehavet,düzensiz şeker seviyesi,bulanık ve bozuk görüş,obezite,aşırı açlık,iştah artışı,sık idrara çıkma,,,,,,,,,,,,,,,,,,,
Diyabet,yorgunluk,kilo kaybı,rehavet,düzensiz şeker seviyesi,bulanık ve bozuk görüş,obezite,aşırı açlık,iştah artışı,sık idrara çıkma,,,,,,,,,,,,,,,,,,,
Diyabet,yorgunluk,kilo kaybı,huzursuzluk,düzensiz şeker seviyesi,bulanık ve bozuk görüş,obezite,aşırı açlık,iştah artışı,sık idrara çıkma,,,,,,,,,,,,,,,,,,,
Diyabet,yorgunluk,kilo kaybı,huzursuzluk,rehavet,bulanık ve bozuk görüş,obezite,aşırı açlık,iştah artışı,sık idrara çıkma,,,,,,,,,,,,,,,,,,,
Diyabet,yorgunluk,kilo kaybı,huzursuzluk,rehavet,düzensiz şeker seviyesi,obezite,aşırı açlık,iştah artışı,sık idrara çıkma,,,,,,,,,,,,,,,,,,,
Diyabet,yorgunluk,kilo kaybı,huzursuzluk,rehavet,düzensiz şeker seviyesi,bulanık ve bozuk görüş,aşırı açlık,iştah artışı,sık idrara çıkma,,,,,,,,,,,,,,,,,,,
Diyabet,yorgunluk,kilo kaybı,huzursuzluk,rehavet,düzensiz şeker seviyesi,bulanık ve bozuk görüş,obezite,iştah artışı,sık idrara çıkma,,,,,,,,,,,,,,,,,,,
Gastroenterit,kusma,çökmüş gözler,dehidrasyon,ishal,,,,,,,,,,,,,,,,,,,,,,,,
Gastroenterit,çökmüş gözler,dehidrasyon,ishal,,,,,,,,,,,,,,,,,,,,,,,,,
Gastroenterit,kusma,dehidrasyon,ishal,,,,,,,,,,,,,,,,,,,,,,,,,
Gastroenterit,kusma,çökmüş gözler,ishal,,,,,,,,,,,,,,,,,,,,,,,,,
Gastroenterit,kusma,çökmüş gözler,dehidrasyon,,,,,,,,,,,,,,,,,,,,,,,,,
Bronşiyal Astım,yorgunluk,öksürük,yüksek ateş,nefes darlığı,aile öyküsü,sümüklü balgam,,,,,,,,,,,,,,,,,,,,,,
Bronşiyal Astım,öksürük,yüksek ateş,nefes darlığı,aile öyküsü,sümüklü balgam,,,,,,,,,,,,,,,,,,,,,,,
Bronşiyal Astım,yorgunluk,yüksek ateş,nefes darlığı,aile öyküsü,sümüklü balgam,,,,,,,,,,,,,,,,,,,,,,,
Bronşiyal Astım,yorgunluk,öksürük,nefes darlığı,aile öyküsü,sümüklü balgam,,,,,,,,,,,,,,,,,,,,,,,
Bronşiyal Astım,yorgunluk,öksürük,yüksek ateş,aile öyküsü,sümüklü balgam,,,,,,,,,,,,,,,,,,,,,,,
Bronşiyal Astım,yorgunluk,öksürük,yüksek ateş,nefes darlığı,sümüklü balgam,,,,,,,,,,,,,,,,,,,,,,,
Bronşiyal Astım,yorgunluk,öksürük,yüksek ateş,nefes darlığı,aile öyküsü,,,,,,,,,,,,,,,,,,,,,,,
Hipertansiyon,baş ağrısı,göğüs ağrısı,baş dönmesi,denge kaybı,konsantrasyon eksikliği,,,,,,,,,,,,,,,,,,,,,,,
Hipertansiyon,göğüs ağrısı,baş dönmesi,denge kaybı,konsantrasyon eksikliği,,,,,,,,,,,,,,,,,,,,,,,,
Hipertansiyon,baş ağrısı,baş dönmesi,denge kaybı,konsantrasyon eksikliği,,,,,,,,,,,,,,,,,,,,,,,,
Hipertansiyon,baş ağrısı,göğüs ağrısı,denge kaybı,konsantrasyon eksikliği,,,,,,,,,,,,,,,,,,,,,,,,
Hipertansiyon,baş ağrısı,göğüs ağrısı,baş dönmesi,konsantrasyon eksikliği,,,,,,,,,,,,,,,,,,,,,,,,
Hipertansiyon,baş ağrısı,göğüs ağrısı,baş dönmesi,denge kaybı,,,,,,,,,,,,,,,,,,,,,,,,
Migren,asitlik,hazımsızlık,baş ağrısı,bulanık ve bozuk görüş,aşırı açlık,boyun tutulması,depresyon,sinirlilik,görme bozuklukları,,,,,,,,,,,,,,,,,,,
Migren,hazımsızlık,baş ağrısı,bulanık ve bozuk görüş,aşırı açlık,boyun tutulması,depresyon,sinirlilik,görme bozuklukları,,,,,,,,,,,,,,,,,,,,
Migren,asitlik,baş ağrısı,bulanık ve bozuk görüş,aşırı açlık,boyun tutulması,depresyon,sinirlilik,görme bozuklukları,,,,,,,,,,,,,,,,,,,,
Migren,asitlik,hazımsızlık,bulanık ve bozuk görüş,aşırı açlık,boyun tutulması,depresyon,sinirlilik,görme bozuklukları,,,,,,,,,,,,,,,,,,,,
Migren,asitlik,hazımsızlık,baş ağrısı,aşırı açlık,boyun tutulması,depresyon,sinirlilik,görme bozuklukları,,,,,,,,,,,,,,,,,,,,
Migren,asitlik,hazımsızlık,baş ağrısı,bulanık ve bozuk görüş,boyun tutulması,depresyon,sinirlilik,görme bozuklukları,,,,,,,,,,,,,,,,,,,,
Migren,asitlik,hazımsızlık,baş ağrısı,bulanık ve bozuk görüş,aşırı açlık,depresyon,sinirlilik,görme bozuklukları,,,,,,,,,,,,,,,,,,,,
Migren,asitlik,hazımsızlık,baş ağrısı,bulanık ve bozuk görüş,aşırı açlık,boyun tutulması,sinirlilik,görme bozuklukları,,,,,,,,,,,,,,,,,,,,
Migren,asitlik,hazımsızlık,baş ağrısı,bulanık ve bozuk görüş,aşırı açlık,boyun tutulması,depresyon,görme bozuklukları,,,,,,,,,,,,,,,,,,,,
Migren,asitlik,hazımsızlık,baş ağrısı,bulanık ve bozuk görüş,aşırı açlık,boyun tutulması,depresyon,sinirlilik,,,,,,,,,,,,,,,,,,,,
Servikal Spondiloz,sırt ağrısı,uzuvlarda zayıflık,boyun ağrısı,baş dönmesi,denge kaybı,,,,,,,,,,,,,,,,,,,,,,,
Servikal Spondiloz,uzuvlarda zayıflık,boyun ağrısı,baş dönmesi,denge kaybı,,,,,,,,,,,,,,,,,,,,,,,,
Servikal Spondiloz,sırt ağrısı,boyun ağrısı,baş dönmesi,denge kaybı,,,,,,,,,,,,,,,,,,,,,,,,
Servikal Spondiloz,sırt ağrısı,uzuvlarda zayıflık,baş dönmesi,denge kaybı,,,,,,,,,,,,,,,,,,,,,,,,
Servikal Spondiloz,sırt ağrısı,uzuvlarda zayıflık,boyun ağrısı,denge kaybı,,,,,,,,,,,,,,,,,,,,,,,,
Servikal Spondiloz,sırt ağrısı,uzuvlarda zayıflık,boyun ağrısı,baş dönmesi,,,,,,,,,,,,,,,,,,,,,,,,
Felç (beyin kanaması),kusma,baş ağrısı,vücudun bir tarafının zayıflığı,zihin bulanıklığı,,,,,,,,,,,,,,,,,,,,,,,,
Felç (beyin kanaması),baş ağrısı,vücudun bir tarafının zayıflığı,zihin bulanıklığı,,,,,,,,,,,,,,,,,,,,,,,,,
Felç (beyin kanaması),kusma,vücudun bir tarafının zayıflığı,zihin bulanıklığı,,,,,,,,,,,,,,,,,,,,,,,,,
Felç (beyin kanaması),kusma,baş ağrısı,zihin bulanıklığı,,,,,,,,,,,,,,,,,,,,,,,,,
Felç (beyin kanaması),kusma,baş ağrısı,vücudun bir tarafının zayıflığı,,,,,,,,,,,,,,,,,,,,,,,,,
Sarılık,kaşıntı,kusma,yorgunluk,kilo kaybı,yüksek ateş,sarımsı cilt,koyu idrar,karın ağrısı,,,,,,,,,,,,,,,,,,,,
Sarılık,kusma,yorgunluk,kilo kaybı,yüksek ateş,sarımsı cilt,koyu idrar,karın ağrısı,,,,,,,,,,,,,,,,,,,,,
Sarılık,kaşıntı,yorgunluk,kilo kaybı,yüksek ateş,sarımsı cilt,koyu idrar,karın ağrısı,,,,,,,,,,,,,,,,,,,,,
Sarılık,kaşıntı,kusma,kilo kaybı,yüksek ateş,sarımsı cilt,koyu idrar,karın ağrısı,,,,,,,,,,,,,,,,,,,,,
Sarılık,kaşıntı,kusma,yorgunluk,yüksek ateş,sarımsı cilt,koyu idrar,karın ağrısı,,,,,,,,,,,,,,,,,,,,,
Sarılık,kaşıntı,kusma,yorgunluk,kilo kaybı,sarımsı cilt,koyu idrar,karın ağrısı,,,,,,,,,,,,,,,,,,,,,
Sarılık,kaşıntı,kusma,yorgunluk,kilo kaybı,yüksek ateş,koyu idrar,karın ağrısı,,,,,,,,,,,,,,,,,,,,,
Sarılık,kaşıntı,kusma,yorgunluk,kilo kaybı,yüksek ateş,sarımsı cilt,karın ağrısı,,,,,,,,,,,,,,,,,,,,,
Sarılık,kaşıntı,kusma,yorgunluk,kilo kaybı,yüksek ateş,sarımsı cilt,koyu idrar,,,,,,,,,,,,,,,,,,,,,
Sıtma,üşümek,kusma,yüksek ateş,terlemek,baş ağrısı,mide bulantısı,kas ağrısı,,,,,,,,,,,,,,,,,,,,,
Sıtma,üşümek,kusma,yüksek ateş,terlemek,baş ağrısı,mide bulantısı,ishal,kas ağrısı,,,,,,,,,,,,,,,,,,,,
Sıtma,kusma,yüksek ateş,terlemek,baş ağrısı,mide bulantısı,ishal,kas ağrısı,,,,,,,,,,,,,,,,,,,,,
Sıtma,üşümek,yüksek ateş,terlemek,baş ağrısı,mide bulantısı,ishal,kas ağrısı,,,,,,,,,,,,,,,,,,,,,
Sıtma,üşümek,kusma,terlemek,baş ağrısı,mide bulantısı,ishal,kas ağrısı,,,,,,,,,,,,,,,,,,,,,
Sıtma,üşümek,kusma,yüksek ateş,baş ağrısı,mide bulantısı,ishal,kas ağrısı,,,,,,,,,,,,,,,,,,,,,
Sıtma,üşümek,kusma,yüksek ateş,terlemek,mide bulantısı,ishal,kas ağrısı,,,,,,,,,,,,,,,,,,,,,
Sıtma,üşümek,kusma,yüksek ateş,terlemek,baş ağrısı,ishal,kas ağrısı,,,,,,,,,,,,,,,,,,,,,
Suçiçeği,kaşıntı,deri döküntüsü,yorgunluk,rehavet,yüksek ateş,baş ağrısı,iştah kaybı,hafif ateş,şişmiş lenf düğümleri,keyifsizlik,vücutta kırmızı lekeler,,,,,,,,,,,,,,,,,
Suçiçeği,deri döküntüsü,yorgunluk,rehavet,yüksek ateş,baş ağrısı,iştah kaybı,hafif ateş,şişmiş lenf düğümleri,keyifsizlik,vücutta kırmızı lekeler,,,,,,,,,,,,,,,,,,
Suçiçeği,kaşıntı,yorgunluk,rehavet,yüksek ateş,baş ağrısı,iştah kaybı,hafif ateş,şişmiş lenf düğümleri,keyifsizlik,vücutta kırmızı lekeler,,,,,,,,,,,,,,,,,,
Suçiçeği,kaşıntı,deri döküntüsü,rehavet,yüksek ateş,baş ağrısı,iştah kaybı,hafif ateş,şişmiş lenf düğümleri,keyifsizlik,vücutta kırmızı lekeler,,,,,,,,,,,,,,,,,,
Suçiçeği,kaşıntı,deri döküntüsü,yorgunluk,yüksek ateş,baş ağrısı,iştah kaybı,hafif ateş,şişmiş lenf düğümleri,keyifsizlik,vücutta kırmızı lekeler,,,,,,,,,,,,,,,,,,
Suçiçeği,kaşıntı,deri döküntüsü,yorgunluk,rehavet,baş ağrısı,iştah kaybı,hafif ateş,şişmiş lenf düğümleri,keyifsizlik,vücutta kırmızı lekeler,,,,,,,,,,,,,,,,,,
Suçiçeği,kaşıntı,deri döküntüsü,yorgunluk,rehavet,yüksek ateş,iştah kaybı,hafif ateş,şişmiş lenf düğümleri,keyifsizlik,vücutta kırmızı lekeler,,,,,,,,,,,,,,,,,,
Suçiçeği,kaşıntı,deri döküntüsü,yorgunluk,rehavet,yüksek ateş,baş ağrısı,hafif ateş,şişmiş lenf düğümleri,keyifsizlik,vücutta kırmızı lekeler,,,,,,,,,,,,,,,,,,
Suçiçeği,kaşıntı,deri döküntüsü,yorgunluk,rehavet,yüksek ateş,baş ağrısı,iştah kaybı,şişmiş lenf düğümleri,keyifsizlik,vücutta kırmızı lekeler,,,,,,,,,,,,,,,,,,
Suçiçeği,kaşıntı,deri döküntüsü,yorgunluk,rehavet,yüksek ateş,baş ağrısı,iştah kaybı,hafif ateş,keyifsizlik,vücutta kırmızı lekeler,,,,,,,,,,,,,,,,,,
Dang Humması,deri döküntüsü,üşümek,eklem ağrısı,kusma,yorgunluk,yüksek ateş,baş ağrısı,mide bulantısı,iştah kaybı,gözlerin arkasındaki ağrı,sırt ağrısı,kas ağrısı,vücutta kırmızı lekeler,,,,,,,,,,,,,,,
Dang Humması,deri döküntüsü,üşümek,eklem ağrısı,kusma,yorgunluk,yüksek ateş,baş ağrısı,mide bulantısı,iştah kaybı,gözlerin arkasındaki ağrı,sırt ağrısı,keyifsizlik,vücutta kırmızı lekeler,,,,,,,,,,,,,,,
Dang Humması,deri döküntüsü,üşümek,eklem ağrısı,kusma,yorgunluk,yüksek ateş,baş ağrısı,mide bulantısı,iştah kaybı,gözlerin arkasındaki ağrı,sırt ağrısı,keyifsizlik,kas ağrısı,,,,,,,,,,,,,,,
Dang Humması,deri döküntüsü,üşümek,eklem ağrısı,kusma,yorgunluk,yüksek ateş,baş ağrısı,mide bulantısı,iştah kaybı,gözlerin arkasındaki ağrı,sırt ağrısı,keyifsizlik,kas ağrısı,vücutta kırmızı lekeler,,,,,,,,,,,,,,
Dang Humması,üşümek,eklem ağrısı,kusma,yorgunluk,yüksek ateş,baş ağrısı,mide bulantısı,iştah kaybı,gözlerin arkasındaki ağrı,sırt ağrısı,keyifsizlik,kas ağrısı,vücutta kırmızı lekeler,,,,,,,,,,,,,,,
Dang Humması,deri döküntüsü,eklem ağrısı,kusma,yorgunluk,yüksek ateş,baş ağrısı,mide bulantısı,iştah kaybı,gözlerin arkasındaki ağrı,sırt ağrısı,keyifsizlik,kas ağrısı,vücutta kırmızı lekeler,,,,,,,,,,,,,,,
Dang Humması,deri döküntüsü,üşümek,kusma,yorgunluk,yüksek ateş,baş ağrısı,mide bulantısı,iştah kaybı,gözlerin arkasındaki ağrı,sırt ağrısı,keyifsizlik,kas ağrısı,vücutta kırmızı lekeler,,,,,,,,,,,,,,,
Dang Humması,deri döküntüsü,üşümek,eklem ağrısı,yorgunluk,yüksek ateş,baş ağrısı,mide bulantısı,iştah kaybı,gözlerin arkasındaki ağrı,sırt ağrısı,keyifsizlik,kas ağrısı,vücutta kırmızı lekeler,,,,,,,,,,,,,,,
Dang Humması,deri döküntüsü,üşümek,eklem ağrısı,kusma,yüksek ateş,baş ağrısı,mide bulantısı,iştah kaybı,gözlerin arkasındaki ağrı,sırt ağrısı,keyifsizlik,kas ağrısı,vücutta kırmızı lekeler,,,,,,,,,,,,,,,
Dang Humması,deri döküntüsü,üşümek,eklem ağrısı,kusma,yorgunluk,baş ağrısı,mide bulantısı,iştah kaybı,gözlerin arkasındaki ağrı,sırt ağrısı,keyifsizlik,kas ağrısı,vücutta kırmızı lekeler,,,,,,,,,,,,,,,
Tifo,üşümek,kusma,yorgunluk,yüksek ateş,mide bulantısı,kabızlık,karın ağrısı,ishal,zehirli görünüm,karın ağrısı,,,,,,,,,,,,,,,,,,
Tifo,üşümek,kusma,yorgunluk,yüksek ateş,baş ağrısı,kabızlık,karın ağrısı,ishal,zehirli görünüm,karın ağrısı,,,,,,,,,,,,,,,,,,
Tifo,üşümek,kusma,yorgunluk,yüksek ateş,baş ağrısı,mide bulantısı,karın ağrısı,ishal,zehirli görünüm,karın ağrısı,,,,,,,,,,,,,,,,,,
Tifo,üşümek,kusma,yorgunluk,yüksek ateş,baş ağrısı,mide bulantısı,kabızlık,ishal,zehirli görünüm,karın ağrısı,,,,,,,,,,,,,,,,,,
Tifo,üşümek,kusma,yorgunluk,yüksek ateş,baş ağrısı,mide bulantısı,kabızlık,karın ağrısı,zehirli görünüm,karın ağrısı,,,,,,,,,,,,,,,,,,
Tifo,üşümek,kusma,yorgunluk,yüksek ateş,baş ağrısı,mide bulantısı,kabızlık,karın ağrısı,ishal,karın ağrısı,,,,,,,,,,,,,,,,,,
Tifo,üşümek,kusma,yorgunluk,yüksek ateş,baş ağrısı,mide bulantısı,kabızlık,karın ağrısı,ishal,zehirli görünüm,,,,,,,,,,,,,,,,,,
Tifo,üşümek,kusma,yorgunluk,yüksek ateş,baş ağrısı,mide bulantısı,kabızlık,karın ağrısı,ishal,zehirli görünüm,karın ağrısı,,,,,,,,,,,,,,,,,
Tifo,üşümek,yorgunluk,yüksek ateş,baş ağrısı,mide bulantısı,kabızlık,karın ağrısı,ishal,zehirli görünüm,karın ağrısı,,,,,,,,,,,,,,,,,,
Hepatit A,eklem ağrısı,kusma,sarımsı cilt,koyu idrar,mide bulantısı,iştah kaybı,karın ağrısı,ishal,hafif ateş,gözlerin sararması,kas ağrısı,,,,,,,,,,,,,,,,,
Hepatit A,kusma,sarımsı cilt,koyu idrar,mide bulantısı,iştah kaybı,karın ağrısı,ishal,hafif ateş,gözlerin sararması,kas ağrısı,,,,,,,,,,,,,,,,,,
Hepatit A,eklem ağrısı,sarımsı cilt,koyu idrar,mide bulantısı,iştah kaybı,karın ağrısı,ishal,hafif ateş,gözlerin sararması,kas ağrısı,,,,,,,,,,,,,,,,,,
Hepatit A,eklem ağrısı,kusma,koyu idrar,mide bulantısı,iştah kaybı,karın ağrısı,ishal,hafif ateş,gözlerin sararması,kas ağrısı,,,,,,,,,,,,,,,,,,
Hepatit A,eklem ağrısı,kusma,sarımsı cilt,mide bulantısı,iştah kaybı,karın ağrısı,ishal,hafif ateş,gözlerin sararması,kas ağrısı,,,,,,,,,,,,,,,,,,
Hepatit A,eklem ağrısı,kusma,sarımsı cilt,koyu idrar,iştah kaybı,karın ağrısı,ishal,hafif ateş,gözlerin sararması,kas ağrısı,,,,,,,,,,,,,,,,,,
Hepatit A,eklem ağrısı,kusma,sarımsı cilt,koyu idrar,mide bulantısı,karın ağrısı,ishal,hafif ateş,gözlerin sararması,kas ağrısı,,,,,,,,,,,,,,,,,,
Hepatit A,eklem ağrısı,kusma,sarımsı cilt,koyu idrar,mide bulantısı,iştah kaybı,ishal,hafif ateş,gözlerin sararması,kas ağrısı,,,,,,,,,,,,,,,,,,
Hepatit A,eklem ağrısı,kusma,sarımsı cilt,koyu idrar,mide bulantısı,iştah kaybı,karın ağrısı,hafif ateş,gözlerin sararması,kas ağrısı,,,,,,,,,,,,,,,,,,
Hepatit B,kaşıntı,yorgunluk,rehavet,sarımsı cilt,koyu idrar,iştah kaybı,karın ağrısı,sarı idrar,gözlerin sararması,keyifsizlik,kan nakli almak,steril olmayan enjeksiyonlar almak,,,,,,,,,,,,,,,,
Hepatit B,yorgunluk,rehavet,sarımsı cilt,koyu idrar,iştah kaybı,karın ağrısı,sarı idrar,gözlerin sararması,keyifsizlik,kan nakli almak,steril olmayan enjeksiyonlar almak,,,,,,,,,,,,,,,,,
Hepatit B,kaşıntı,rehavet,sarımsı cilt,koyu idrar,iştah kaybı,karın ağrısı,sarı idrar,gözlerin sararması,keyifsizlik,kan nakli almak,steril olmayan enjeksiyonlar almak,,,,,,,,,,,,,,,,,
Hepatit B,kaşıntı,yorgunluk,sarımsı cilt,koyu idrar,iştah kaybı,karın ağrısı,sarı idrar,gözlerin sararması,keyifsizlik,kan nakli almak,steril olmayan enjeksiyonlar almak,,,,,,,,,,,,,,,,,
Hepatit B,kaşıntı,yorgunluk,rehavet,koyu idrar,iştah kaybı,karın ağrısı,sarı idrar,gözlerin sararması,keyifsizlik,kan nakli almak,steril olmayan enjeksiyonlar almak,,,,,,,,,,,,,,,,,
Hepatit B,kaşıntı,yorgunluk,rehavet,sarımsı cilt,iştah kaybı,karın ağrısı,sarı idrar,gözlerin sararması,keyifsizlik,kan nakli almak,steril olmayan enjeksiyonlar almak,,,,,,,,,,,,,,,,,
Hepatit B,kaşıntı,yorgunluk,rehavet,sarımsı cilt,koyu idrar,karın ağrısı,sarı idrar,gözlerin sararması,keyifsizlik,kan nakli almak,steril olmayan enjeksiyonlar almak,,,,,,,,,,,,,,,,,
Hepatit B,kaşıntı,yorgunluk,rehavet,sarımsı cilt,koyu idrar,iştah kaybı,sarı idrar,gözlerin sararması,keyifsizlik,kan nakli almak,steril olmayan enjeksiyonlar almak,,,,,,,,,,,,,,,,,
Hepatit B,kaşıntı,yorgunluk,rehavet,sarımsı cilt,koyu idrar,iştah kaybı,karın ağrısı,gözlerin sararması,keyifsizlik,kan nakli almak,steril olmayan enjeksiyonlar almak,,,,,,,,,,,,,,,,,
Hepatit C,yorgunluk,sarımsı cilt,mide bulantısı,iştah kaybı,aile öyküsü,,,,,,,,,,,,,,,,,,,,,,,
Hepatit C,yorgunluk,sarımsı cilt,mide bulantısı,iştah kaybı,gözlerin sararması,aile öyküsü,,,,,,,,,,,,,,,,,,,,,,
Hepatit C,sarımsı cilt,mide bulantısı,iştah kaybı,gözlerin sararması,aile öyküsü,,,,,,,,,,,,,,,,,,,,,,,
Hepatit C,yorgunluk,mide bulantısı,iştah kaybı,gözlerin sararması,aile öyküsü,,,,,,,,,,,,,,,,,,,,,,,
Hepatit C,yorgunluk,sarımsı cilt,iştah kaybı,gözlerin sararması,aile öyküsü,,,,,,,,,,,,,,,,,,,,,,,
Hepatit C,yorgunluk,sarımsı cilt,mide bulantısı,gözlerin sararması,aile öyküsü,,,,,,,,,,,,,,,,,,,,,,,
Hepatit C,yorgunluk,sarımsı cilt,mide bulantısı,iştah kaybı,gözlerin sararması,,,,,,,,,,,,,,,,,,,,,,,
Hepatit D,eklem ağrısı,kusma,yorgunluk,sarımsı cilt,koyu idrar,mide bulantısı,iştah kaybı,karın ağrısı,gözlerin sararması,,,,,,,,,,,,,,,,,,,
Hepatit D,kusma,yorgunluk,sarımsı cilt,koyu idrar,mide bulantısı,iştah kaybı,karın ağrısı,gözlerin sararması,,,,,,,,,,,,,,,,,,,,
Hepatit D,eklem ağrısı,yorgunluk,sarımsı cilt,koyu idrar,mide bulantısı,iştah kaybı,karın ağrısı,gözlerin sararması,,,,,,,,,,,,,,,,,,,,
Hepatit D,eklem ağrısı,kusma,sarımsı cilt,koyu idrar,mide bulantısı,iştah kaybı,karın ağrısı,gözlerin sararması,,,,,,,,,,,,,,,,,,,,
Hepatit D,eklem ağrısı,kusma,yorgunluk,koyu idrar,mide bulantısı,iştah kaybı,karın ağrısı,gözlerin sararması,,,,,,,,,,,,,,,,,,,,
Hepatit D,eklem ağrısı,kusma,yorgunluk,sarımsı cilt,mide bulantısı,iştah kaybı,karın ağrısı,gözlerin sararması,,,,,,,,,,,,,,,,,,,,
Hepatit D,eklem ağrısı,kusma,yorgunluk,sarımsı cilt,koyu idrar,iştah kaybı,karın ağrısı,gözlerin sararması,,,,,,,,,,,,,,,,,,,,
Hepatit D,eklem ağrısı,kusma,yorgunluk,sarımsı cilt,koyu idrar,mide bulantısı,karın ağrısı,gözlerin sararması,,,,,,,,,,,,,,,,,,,,
Hepatit D,eklem ağrısı,kusma,yorgunluk,sarımsı cilt,koyu idrar,mide bulantısı,iştah kaybı,gözlerin sararması,,,,,,,,,,,,,,,,,,,,
Hepatit D,eklem ağrısı,kusma,yorgunluk,sarımsı cilt,koyu idrar,mide bulantısı,iştah kaybı,karın ağrısı,,,,,,,,,,,,,,,,,,,,
Hepatit E,eklem ağrısı,kusma,yorgunluk,yüksek ateş,sarımsı cilt,koyu idrar,mide bulantısı,iştah kaybı,karın ağrısı,gözlerin sararması,koma,mide kanaması,,,,,,,,,,,,,,,,
Hepatit E,eklem ağrısı,kusma,yorgunluk,yüksek ateş,sarımsı cilt,koyu idrar,mide bulantısı,iştah kaybı,karın ağrısı,gözlerin sararması,akut karaciğer yetmezliği,koma,mide kanaması,,,,,,,,,,,,,,,
Hepatit E,kusma,yorgunluk,yüksek ateş,sarımsı cilt,koyu idrar,mide bulantısı,iştah kaybı,karın ağrısı,gözlerin sararması,akut karaciğer yetmezliği,koma,mide kanaması,,,,,,,,,,,,,,,,
Hepatit E,eklem ağrısı,yorgunluk,yüksek ateş,sarımsı cilt,koyu idrar,mide bulantısı,iştah kaybı,karın ağrısı,gözlerin sararması,akut karaciğer yetmezliği,koma,mide kanaması,,,,,,,,,,,,,,,,
Hepatit E,eklem ağrısı,kusma,yüksek ateş,sarımsı cilt,koyu idrar,mide bulantısı,iştah kaybı,karın ağrısı,gözlerin sararması,akut karaciğer yetmezliği,koma,mide kanaması,,,,,,,,,,,,,,,,
Hepatit E,eklem ağrısı,kusma,yorgunluk,sarımsı cilt,koyu idrar,mide bulantısı,iştah kaybı,karın ağrısı,gözlerin sararması,akut karaciğer yetmezliği,koma,mide kanaması,,,,,,,,,,,,,,,,
Hepatit E,eklem ağrısı,kusma,yorgunluk,yüksek ateş,koyu idrar,mide bulantısı,iştah kaybı,karın ağrısı,gözlerin sararması,akut karaciğer yetmezliği,koma,mide kanaması,,,,,,,,,,,,,,,,
Hepatit E,eklem ağrısı,kusma,yorgunluk,yüksek ateş,sarımsı cilt,mide bulantısı,iştah kaybı,karın ağrısı,gözlerin sararması,akut karaciğer yetmezliği,koma,mide kanaması,,,,,,,,,,,,,,,,
Hepatit E,eklem ağrısı,kusma,yorgunluk,yüksek ateş,sarımsı cilt,koyu idrar,iştah kaybı,karın ağrısı,gözlerin sararması,akut karaciğer yetmezliği,koma,mide kanaması,,,,,,,,,,,,,,,,
Alkolik Hepatit,kusma,sarımsı cilt,karın ağrısı,mide şişmesi,karın şişliği,alkol tüketimi geçmişi,aşırı sıvı yüklemesi,,,,,,,,,,,,,,,,,,,,,
Alkolik Hepatit,sarımsı cilt,karın ağrısı,mide şişmesi,karın şişliği,alkol tüketimi geçmişi,aşırı sıvı yüklemesi,,,,,,,,,,,,,,,,,,,,,,
Alkolik Hepatit,kusma,karın ağrısı,mide şişmesi,karın şişliği,alkol tüketimi geçmişi,aşırı sıvı yüklemesi,,,,,,,,,,,,,,,,,,,,,,
Alkolik Hepatit,kusma,sarımsı cilt,mide şişmesi,karın şişliği,alkol tüketimi geçmişi,aşırı sıvı yüklemesi,,,,,,,,,,,,,,,,,,,,,,
Alkolik Hepatit,kusma,sarımsı cilt,karın ağrısı,karın şişliği,alkol tüketimi geçmişi,aşırı sıvı yüklemesi,,,,,,,,,,,,,,,,,,,,,,
Alkolik Hepatit,kusma,sarımsı cilt,karın ağrısı,mide şişmesi,alkol tüketimi geçmişi,aşırı sıvı yüklemesi,,,,,,,,,,,,,,,,,,,,,,
Alkolik Hepatit,kusma,sarımsı cilt,karın ağrısı,mide şişmesi,karın şişliği,aşırı sıvı yüklemesi,,,,,,,,,,,,,,,,,,,,,,
Alkolik Hepatit,kusma,sarımsı cilt,karın ağrısı,mide şişmesi,karın şişliği,alkol tüketimi geçmişi,,,,,,,,,,,,,,,,,,,,,,
Tüberküloz,üşümek,kusma,yorgunluk,kilo kaybı,öksürük,yüksek ateş,nefes darlığı,terlemek,iştah kaybı,hafif ateş,gözlerin sararması,şişmiş lenf düğümleri,keyifsizlik,balgam,göğüs ağrısı,balgamda kan,,,,,,,,,,,,
Tüberküloz,kusma,yorgunluk,kilo kaybı,öksürük,yüksek ateş,nefes darlığı,terlemek,iştah kaybı,hafif ateş,gözlerin sararması,şişmiş lenf düğümleri,keyifsizlik,balgam,göğüs ağrısı,balgamda kan,,,,,,,,,,,,,
Tüberküloz,üşümek,yorgunluk,kilo kaybı,öksürük,yüksek ateş,nefes darlığı,terlemek,iştah kaybı,hafif ateş,gözlerin sararması,şişmiş lenf düğümleri,keyifsizlik,balgam,göğüs ağrısı,balgamda kan,,,,,,,,,,,,,
Tüberküloz,üşümek,kusma,kilo kaybı,öksürük,yüksek ateş,nefes darlığı,terlemek,iştah kaybı,hafif ateş,gözlerin sararması,şişmiş lenf düğümleri,keyifsizlik,balgam,göğüs ağrısı,balgamda kan,,,,,,,,,,,,,
Tüberküloz,üşümek,kusma,yorgunluk,öksürük,yüksek ateş,nefes darlığı,terlemek,iştah kaybı,hafif ateş,gözlerin sararması,şişmiş lenf düğümleri,keyifsizlik,balgam,göğüs ağrısı,balgamda kan,,,,,,,,,,,,,
Tüberküloz,üşümek,kusma,yorgunluk,kilo kaybı,yüksek ateş,nefes darlığı,terlemek,iştah kaybı,hafif ateş,gözlerin sararması,şişmiş lenf düğümleri,keyifsizlik,balgam,göğüs ağrısı,balgamda kan,,,,,,,,,,,,,
Tüberküloz,üşümek,kusma,yorgunluk,kilo kaybı,öksürük,nefes darlığı,terlemek,iştah kaybı,hafif ateş,gözlerin sararması,şişmiş lenf düğümleri,keyifsizlik,balgam,göğüs ağrısı,balgamda kan,,,,,,,,,,,,,
Tüberküloz,üşümek,kusma,yorgunluk,kilo kaybı,öksürük,yüksek ateş,terlemek,iştah kaybı,hafif ateş,gözlerin sararması,şişmiş lenf düğümleri,keyifsizlik,balgam,göğüs ağrısı,balgamda kan,,,,,,,,,,,,,
Tüberküloz,üşümek,kusma,yorgunluk,kilo kaybı,öksürük,yüksek ateş,nefes darlığı,iştah kaybı,hafif ateş,gözlerin sararması,şişmiş lenf düğümleri,keyifsizlik,balgam,göğüs ağrısı,balgamda kan,,,,,,,,,,,,,
Soğuk Algınlığı,sürekli hapşırmak,üşümek,yorgunluk,öksürük,yüksek ateş,baş ağrısı,şişmiş lenf düğümleri,keyifsizlik,balgam,boğaz tahrişi,gözlerin kızarıklığı,sinüs basıncı,burun akması,tıkanıklık,göğüs ağrısı,koku kaybı,kas ağrısı,,,,,,,,,,,
Soğuk Algınlığı,üşümek,yorgunluk,öksürük,yüksek ateş,baş ağrısı,şişmiş lenf düğümleri,keyifsizlik,balgam,boğaz tahrişi,gözlerin kızarıklığı,sinüs basıncı,burun akması,tıkanıklık,göğüs ağrısı,koku kaybı,kas ağrısı,,,,,,,,,,,,
Soğuk Algınlığı,sürekli hapşırmak,yorgunluk,öksürük,yüksek ateş,baş ağrısı,şişmiş lenf düğümleri,keyifsizlik,balgam,boğaz tahrişi,gözlerin kızarıklığı,sinüs basıncı,burun akması,tıkanıklık,göğüs ağrısı,koku kaybı,kas ağrısı,,,,,,,,,,,,
Soğuk Algınlığı,sürekli hapşırmak,üşümek,öksürük,yüksek ateş,baş ağrısı,şişmiş lenf düğümleri,keyifsizlik,balgam,boğaz tahrişi,gözlerin kızarıklığı,sinüs basıncı,burun akması,tıkanıklık,göğüs ağrısı,koku kaybı,kas ağrısı,,,,,,,,,,,,
Soğuk Algınlığı,sürekli hapşırmak,üşümek,yorgunluk,yüksek ateş,baş ağrısı,şişmiş lenf düğümleri,keyifsizlik,balgam,boğaz tahrişi,gözlerin kızarıklığı,sinüs basıncı,burun akması,tıkanıklık,göğüs ağrısı,koku kaybı,kas ağrısı,,,,,,,,,,,,
Soğuk Algınlığı,sürekli hapşırmak,üşümek,yorgunluk,öksürük,baş ağrısı,şişmiş lenf düğümleri,keyifsizlik,balgam,boğaz tahrişi,gözlerin kızarıklığı,sinüs basıncı,burun akması,tıkanıklık,göğüs ağrısı,koku kaybı,kas ağrısı,,,,,,,,,,,,
Soğuk Algınlığı,sürekli hapşırmak,üşümek,yorgunluk,öksürük,yüksek ateş,şişmiş lenf düğümleri,keyifsizlik,balgam,boğaz tahrişi,gözlerin kızarıklığı,sinüs basıncı,burun akması,tıkanıklık,göğüs ağrısı,koku kaybı,kas ağrısı,,,,,,,,,,,,
Soğuk Algınlığı,sürekli hapşırmak,üşümek,yorgunluk,öksürük,yüksek ateş,baş ağrısı,keyifsizlik,balgam,boğaz tahrişi,gözlerin kızarıklığı,sinüs basıncı,burun akması,tıkanıklık,göğüs ağrısı,koku kaybı,kas ağrısı,,,,,,,,,,,,
Soğuk Algınlığı,sürekli hapşırmak,üşümek,yorgunluk,öksürük,yüksek ateş,baş ağrısı,şişmiş lenf düğümleri,balgam,boğaz tahrişi,gözlerin kızarıklığı,sinüs basıncı,burun akması,tıkanıklık,göğüs ağrısı,koku kaybı,kas ağrısı,,,,,,,,,,,,
Akciğer İltihaplanması (zatüre),üşümek,yorgunluk,öksürük,yüksek ateş,nefes darlığı,terlemek,keyifsizlik,göğüs ağrısı,hızlı kalp atış hızı,paslı balgam,,,,,,,,,,,,,,,,,,
Akciğer İltihaplanması (zatüre),üşümek,yorgunluk,öksürük,yüksek ateş,nefes darlığı,terlemek,keyifsizlik,balgam,göğüs ağrısı,hızlı kalp atış hızı,paslı balgam,,,,,,,,,,,,,,,,,
Akciğer İltihaplanması (zatüre),yorgunluk,öksürük,yüksek ateş,nefes darlığı,terlemek,keyifsizlik,balgam,göğüs ağrısı,hızlı kalp atış hızı,paslı balgam,,,,,,,,,,,,,,,,,,
Akciğer İltihaplanması (zatüre),üşümek,öksürük,yüksek ateş,nefes darlığı,terlemek,keyifsizlik,balgam,göğüs ağrısı,hızlı kalp atış hızı,paslı balgam,,,,,,,,,,,,,,,,,,
Akciğer İltihaplanması (zatüre),üşümek,yorgunluk,yüksek ateş,nefes darlığı,terlemek,keyifsizlik,balgam,göğüs ağrısı,hızlı kalp atış hızı,paslı balgam,,,,,,,,,,,,,,,,,,
Akciğer İltihaplanması (zatüre),üşümek,yorgunluk,öksürük,nefes darlığı,terlemek,keyifsizlik,balgam,göğüs ağrısı,hızlı kalp atış hızı,paslı balgam,,,,,,,,,,,,,,,,,,
Akciğer İltihaplanması (zatüre),üşümek,yorgunluk,öksürük,yüksek ateş,terlemek,keyifsizlik,balgam,göğüs ağrısı,hızlı kalp atış hızı,paslı balgam,,,,,,,,,,,,,,,,,,
Akciğer İltihaplanması (zatüre),üşümek,yorgunluk,öksürük,yüksek ateş,nefes darlığı,keyifsizlik,balgam,göğüs ağrısı,hızlı kalp atış hızı,paslı balgam,,,,,,,,,,,,,,,,,,
Akciğer İltihaplanması (zatüre),üşümek,yorgunluk,öksürük,yüksek ateş,nefes darlığı,terlemek,balgam,göğüs ağrısı,hızlı kalp atış hızı,paslı balgam,,,,,,,,,,,,,,,,,,
Dimorfik Hemoroit,kabızlık,dışkı sırasında ağrı,anal bölgede ağrı,kanlı dışkı,anüs tahrişi,,,,,,,,,,,,,,,,,,,,,,,
Dimorfik Hemoroit,dışkı sırasında ağrı,anal bölgede ağrı,kanlı dışkı,anüs tahrişi,,,,,,,,,,,,,,,,,,,,,,,,
Dimorfik Hemoroit,kabızlık,anal bölgede ağrı,kanlı dışkı,anüs tahrişi,,,,,,,,,,,,,,,,,,,,,,,,
Dimorfik Hemoroit,kabızlık,dışkı sırasında ağrı,kanlı dışkı,anüs tahrişi,,,,,,,,,,,,,,,,,,,,,,,,
Dimorfik Hemoroit,kabızlık,dışkı sırasında ağrı,anal bölgede ağrı,anüs tahrişi,,,,,,,,,,,,,,,,,,,,,,,,
Dimorfik Hemoroit,kabızlık,dışkı sırasında ağrı,anal bölgede ağrı,kanlı dışkı,,,,,,,,,,,,,,,,,,,,,,,,
Kalp Krizi,kusma,nefes darlığı,terlemek,göğüs ağrısı,,,,,,,,,,,,,,,,,,,,,,,,
Kalp Krizi,nefes darlığı,terlemek,göğüs ağrısı,,,,,,,,,,,,,,,,,,,,,,,,,
Kalp Krizi,kusma,terlemek,göğüs ağrısı,,,,,,,,,,,,,,,,,,,,,,,,,
Kalp Krizi,kusma,nefes darlığı,göğüs ağrısı,,,,,,,,,,,,,,,,,,,,,,,,,
Kalp Krizi,kusma,nefes darlığı,terlemek,,,,,,,,,,,,,,,,,,,,,,,,,
Varisli Damarlar,yorgunluk,kramplar,morarma,obezite,şişmiş bacaklar,şişmiş kan damarları,baldırda belirgin damarlar,,,,,,,,,,,,,,,,,,,,,
Varisli Damarlar,kramplar,morarma,obezite,şişmiş bacaklar,şişmiş kan damarları,baldırda belirgin damarlar,,,,,,,,,,,,,,,,,,,,,,
Varisli Damarlar,yorgunluk,morarma,obezite,şişmiş bacaklar,şişmiş kan damarları,baldırda belirgin damarlar,,,,,,,,,,,,,,,,,,,,,,
Varisli Damarlar,yorgunluk,kramplar,obezite,şişmiş bacaklar,şişmiş kan damarları,baldırda belirgin damarlar,,,,,,,,,,,,,,,,,,,,,,
Varisli Damarlar,yorgunluk,kramplar,morarma,şişmiş bacaklar,şişmiş kan damarları,baldırda belirgin damarlar,,,,,,,,,,,,,,,,,,,,,,
Varisli Damarlar,yorgunluk,kramplar,morarma,obezite,şişmiş kan damarları,baldırda belirgin damarlar,,,,,,,,,,,,,,,,,,,,,,
Varisli Damarlar,yorgunluk,kramplar,morarma,obezite,şişmiş bacaklar,baldırda belirgin damarlar,,,,,,,,,,,,,,,,,,,,,,
Varisli Damarlar,yorgunluk,kramplar,morarma,obezite,şişmiş bacaklar,şişmiş kan damarları,,,,,,,,,,,,,,,,,,,,,,
Hipotiroidizm,yorgunluk,kilo almak,soğuk eller ve ayaklar,ruh halinde ani değişimler,rehavet,baş dönmesi,şişmiş yüz ve gözler,tiroid genişlemesi,kırılgan tırnaklar,şişmiş eller ve ayaklar,depresyon,sinirlilik,anormal adet kanaması,,,,,,,,,,,,,,,
Hipotiroidizm,kilo almak,soğuk eller ve ayaklar,ruh halinde ani değişimler,rehavet,baş dönmesi,şişmiş yüz ve gözler,tiroid genişlemesi,kırılgan tırnaklar,şişmiş eller ve ayaklar,depresyon,sinirlilik,anormal adet kanaması,,,,,,,,,,,,,,,,
Hipotiroidizm,yorgunluk,soğuk eller ve ayaklar,ruh halinde ani değişimler,rehavet,baş dönmesi,şişmiş yüz ve gözler,tiroid genişlemesi,kırılgan tırnaklar,şişmiş eller ve ayaklar,depresyon,sinirlilik,anormal adet kanaması,,,,,,,,,,,,,,,,
Hipotiroidizm,yorgunluk,kilo almak,ruh halinde ani değişimler,rehavet,baş dönmesi,şişmiş yüz ve gözler,tiroid genişlemesi,kırılgan tırnaklar,şişmiş eller ve ayaklar,depresyon,sinirlilik,anormal adet kanaması,,,,,,,,,,,,,,,,
Hipotiroidizm,yorgunluk,kilo almak,soğuk eller ve ayaklar,rehavet,baş dönmesi,şişmiş yüz ve gözler,tiroid genişlemesi,kırılgan tırnaklar,şişmiş eller ve ayaklar,depresyon,sinirlilik,anormal adet kanaması,,,,,,,,,,,,,,,,
Hipotiroidizm,yorgunluk,kilo almak,soğuk eller ve ayaklar,ruh halinde ani değişimler,baş dönmesi,şişmiş yüz ve gözler,tiroid genişlemesi,kırılgan tırnaklar,şişmiş eller ve ayaklar,depresyon,sinirlilik,anormal adet kanaması,,,,,,,,,,,,,,,,
Hipotiroidizm,yorgunluk,kilo almak,soğuk eller ve ayaklar,ruh halinde ani değişimler,rehavet,şişmiş yüz ve gözler,tiroid genişlemesi,kırılgan tırnaklar,şişmiş eller ve ayaklar,depresyon,sinirlilik,anormal adet kanaması,,,,,,,,,,,,,,,,
Hipotiroidizm,yorgunluk,kilo almak,soğuk eller ve ayaklar,ruh halinde ani değişimler,rehavet,baş dönmesi,tiroid genişlemesi,kırılgan tırnaklar,şişmiş eller ve ayaklar,depresyon,sinirlilik,anormal adet kanaması,,,,,,,,,,,,,,,,
Hipertiroidizm,yorgunluk,ruh halinde ani değişimler,kilo kaybı,huzursuzluk,terlemek,ishal,hızlı kalp atış hızı,aşırı açlık,kas güçsüzlüğü,sinirlilik,anormal adet kanaması,,,,,,,,,,,,,,,,,
Hipertiroidizm,ruh halinde ani değişimler,kilo kaybı,huzursuzluk,terlemek,ishal,hızlı kalp atış hızı,aşırı açlık,kas güçsüzlüğü,sinirlilik,anormal adet kanaması,,,,,,,,,,,,,,,,,,
Hipertiroidizm,yorgunluk,kilo kaybı,huzursuzluk,terlemek,ishal,hızlı kalp atış hızı,aşırı açlık,kas güçsüzlüğü,sinirlilik,anormal adet kanaması,,,,,,,,,,,,,,,,,,
Hipertiroidizm,yorgunluk,ruh halinde ani değişimler,huzursuzluk,terlemek,ishal,hızlı kalp atış hızı,aşırı açlık,kas güçsüzlüğü,sinirlilik,anormal adet kanaması,,,,,,,,,,,,,,,,,,
Hipertiroidizm,yorgunluk,ruh halinde ani değişimler,kilo kaybı,terlemek,ishal,hızlı kalp atış hızı,aşırı açlık,kas güçsüzlüğü,sinirlilik,anormal adet kanaması,,,,,,,,,,,,,,,,,,
Hipertiroidizm,yorgunluk,ruh halinde ani değişimler,kilo kaybı,huzursuzluk,ishal,hızlı kalp atış hızı,aşırı açlık,kas güçsüzlüğü,sinirlilik,anormal adet kanaması,,,,,,,,,,,,,,,,,,
Hipertiroidizm,yorgunluk,ruh halinde ani değişimler,kilo kaybı,huzursuzluk,terlemek,hızlı kalp atış hızı,aşırı açlık,kas güçsüzlüğü,sinirlilik,anormal adet kanaması,,,,,,,,,,,,,,,,,,
Hipertiroidizm,yorgunluk,ruh halinde ani değişimler,kilo kaybı,huzursuzluk,terlemek,ishal,aşırı açlık,kas güçsüzlüğü,sinirlilik,anormal adet kanaması,,,,,,,,,,,,,,,,,,
Hipertiroidizm,yorgunluk,ruh halinde ani değişimler,kilo kaybı,huzursuzluk,terlemek,ishal,hızlı kalp atış hızı,kas güçsüzlüğü,sinirlilik,anormal adet kanaması,,,,,,,,,,,,,,,,,,
Hipoglisemi,kusma,yorgunluk,endişe,terlemek,baş ağrısı,mide bulantısı,bulanık ve bozuk görüş,aşırı açlık,konuşma bozukluğu,sinirlilik,çarpıntı hissi,,,,,,,,,,,,,,,,,
Hipoglisemi,kusma,yorgunluk,endişe,terlemek,baş ağrısı,mide bulantısı,bulanık ve bozuk görüş,aşırı açlık,dudakların kuruması ve karıncalanması,konuşma bozukluğu,sinirlilik,çarpıntı hissi,,,,,,,,,,,,,,,,
Hipoglisemi,yorgunluk,endişe,terlemek,baş ağrısı,mide bulantısı,bulanık ve bozuk görüş,aşırı açlık,dudakların kuruması ve karıncalanması,konuşma bozukluğu,sinirlilik,çarpıntı hissi,,,,,,,,,,,,,,,,,
Hipoglisemi,kusma,endişe,terlemek,baş ağrısı,mide bulantısı,bulanık ve bozuk görüş,aşırı açlık,dudakların kuruması ve karıncalanması,konuşma bozukluğu,sinirlilik,çarpıntı hissi,,,,,,,,,,,,,,,,,
Hipoglisemi,kusma,yorgunluk,terlemek,baş ağrısı,mide bulantısı,bulanık ve bozuk görüş,aşırı açlık,dudakların kuruması ve karıncalanması,konuşma bozukluğu,sinirlilik,çarpıntı hissi,,,,,,,,,,,,,,,,,
Hipoglisemi,kusma,yorgunluk,endişe,baş ağrısı,mide bulantısı,bulanık ve bozuk görüş,aşırı açlık,dudakların kuruması ve karıncalanması,konuşma bozukluğu,sinirlilik,çarpıntı hissi,,,,,,,,,,,,,,,,,
Hipoglisemi,kusma,yorgunluk,endişe,terlemek,mide bulantısı,bulanık ve bozuk görüş,aşırı açlık,dudakların kuruması ve karıncalanması,konuşma bozukluğu,sinirlilik,çarpıntı hissi,,,,,,,,,,,,,,,,,
Hipoglisemi,kusma,yorgunluk,endişe,terlemek,baş ağrısı,bulanık ve bozuk görüş,aşırı açlık,dudakların kuruması ve karıncalanması,konuşma bozukluğu,sinirlilik,çarpıntı hissi,,,,,,,,,,,,,,,,,
Hipoglisemi,kusma,yorgunluk,endişe,terlemek,baş ağrısı,mide bulantısı,aşırı açlık,dudakların kuruması ve karıncalanması,konuşma bozukluğu,sinirlilik,çarpıntı hissi,,,,,,,,,,,,,,,,,
Osteoartrit,eklem ağrısı,boyun ağrısı,diz ağrısı,kalça eklemi ağrısı,eklemlerin şişmesi,ağrılı yürüyüş,,,,,,,,,,,,,,,,,,,,,,
Osteoartrit,boyun ağrısı,diz ağrısı,kalça eklemi ağrısı,eklemlerin şişmesi,ağrılı yürüyüş,,,,,,,,,,,,,,,,,,,,,,,
Osteoartrit,eklem ağrısı,diz ağrısı,kalça eklemi ağrısı,eklemlerin şişmesi,ağrılı yürüyüş,,,,,,,,,,,,,,,,,,,,,,,
Osteoartrit,eklem ağrısı,boyun ağrısı,kalça eklemi ağrısı,eklemlerin şişmesi,ağrılı yürüyüş,,,,,,,,,,,,,,,,,,,,,,,
Osteoartrit,eklem ağrısı,boyun ağrısı,diz ağrısı,eklemlerin şişmesi,ağrılı yürüyüş,,,,,,,,,,,,,,,,,,,,,,,
Osteoartrit,eklem ağrısı,boyun ağrısı,diz ağrısı,kalça eklemi ağrısı,ağrılı yürüyüş,,,,,,,,,,,,,,,,,,,,,,,
Osteoartrit,eklem ağrısı,boyun ağrısı,diz ağrısı,kalça eklemi ağrısı,eklemlerin şişmesi,,,,,,,,,,,,,,,,,,,,,,,
Artrit,kas güçsüzlüğü,boyun tutulması,eklemlerin şişmesi,hareket kısıtlılığı,ağrılı yürüyüş,,,,,,,,,,,,,,,,,,,,,,,
Artrit,boyun tutulması,eklemlerin şişmesi,hareket kısıtlılığı,ağrılı yürüyüş,,,,,,,,,,,,,,,,,,,,,,,,
Artrit,kas güçsüzlüğü,eklemlerin şişmesi,hareket kısıtlılığı,ağrılı yürüyüş,,,,,,,,,,,,,,,,,,,,,,,,
Artrit,kas güçsüzlüğü,boyun tutulması,hareket kısıtlılığı,ağrılı yürüyüş,,,,,,,,,,,,,,,,,,,,,,,,
Artrit,kas güçsüzlüğü,boyun tutulması,eklemlerin şişmesi,ağrılı yürüyüş,,,,,,,,,,,,,,,,,,,,,,,,
Artrit,kas güçsüzlüğü,boyun tutulması,eklemlerin şişmesi,hareket kısıtlılığı,,,,,,,,,,,,,,,,,,,,,,,,
Paroymsal Pozisyonel Vertigo,kusma,baş ağrısı,mide bulantısı,dönme hareketleri,denge kaybı,kararsızlık,,,,,,,,,,,,,,,,,,,,,,
Paroymsal Pozisyonel Vertigo,baş ağrısı,mide bulantısı,dönme hareketleri,denge kaybı,kararsızlık,,,,,,,,,,,,,,,,,,,,,,,
Paroymsal Pozisyonel Vertigo,kusma,mide bulantısı,dönme hareketleri,denge kaybı,kararsızlık,,,,,,,,,,,,,,,,,,,,,,,
Paroymsal Pozisyonel Vertigo,kusma,baş ağrısı,dönme hareketleri,denge kaybı,kararsızlık,,,,,,,,,,,,,,,,,,,,,,,
Paroymsal Pozisyonel Vertigo,kusma,baş ağrısı,mide bulantısı,denge kaybı,kararsızlık,,,,,,,,,,,,,,,,,,,,,,,
Paroymsal Pozisyonel Vertigo,kusma,baş ağrısı,mide bulantısı,dönme hareketleri,kararsızlık,,,,,,,,,,,,,,,,,,,,,,,
Paroymsal Pozisyonel Vertigo,kusma,baş ağrısı,mide bulantısı,dönme hareketleri,denge kaybı,,,,,,,,,,,,,,,,,,,,,,,
Akne,deri döküntüsü,irin dolu sivilceler,siyah noktalar,yayılması,,,,,,,,,,,,,,,,,,,,,,,,
Akne,irin dolu sivilceler,siyah noktalar,yayılması,,,,,,,,,,,,,,,,,,,,,,,,,
Akne,deri döküntüsü,siyah noktalar,yayılması,,,,,,,,,,,,,,,,,,,,,,,,,
Akne,deri döküntüsü,irin dolu sivilceler,yayılması,,,,,,,,,,,,,,,,,,,,,,,,,
Akne,deri döküntüsü,irin dolu sivilceler,siyah noktalar,,,,,,,,,,,,,,,,,,,,,,,,,
İdrar Yolu Enfeksiyonu,idrar yaparken yanma,mesane rahatsızlığı,idrarın kötü kokusu,sürekli idrar hissi,,,,,,,,,,,,,,,,,,,,,,,,
İdrar Yolu Enfeksiyonu,mesane rahatsızlığı,idrarın kötü kokusu,sürekli idrar hissi,,,,,,,,,,,,,,,,,,,,,,,,,
İdrar Yolu Enfeksiyonu,idrar yaparken yanma,idrarın kötü kokusu,sürekli idrar hissi,,,,,,,,,,,,,,,,,,,,,,,,,
İdrar Yolu Enfeksiyonu,idrar yaparken yanma,mesane rahatsızlığı,sürekli idrar hissi,,,,,,,,,,,,,,,,,,,,,,,,,
İdrar Yolu Enfeksiyonu,idrar yaparken yanma,mesane rahatsızlığı,idrarın kötü kokusu,,,,,,,,,,,,,,,,,,,,,,,,,
Sedef Hastalığı,deri döküntüsü,eklem ağrısı,cilt soyulması,gümüş renkli toz,tırnaklarda küçük ezikler,iltihaplı tırnaklar,,,,,,,,,,,,,,,,,,,,,,
Sedef Hastalığı,eklem ağrısı,cilt soyulması,gümüş renkli toz,tırnaklarda küçük ezikler,iltihaplı tırnaklar,,,,,,,,,,,,,,,,,,,,,,,
Sedef Hastalığı,deri döküntüsü,cilt soyulması,gümüş renkli toz,tırnaklarda küçük ezikler,iltihaplı tırnaklar,,,,,,,,,,,,,,,,,,,,,,,
Sedef Hastalığı,deri döküntüsü,eklem ağrısı,gümüş renkli toz,tırnaklarda küçük ezikler,iltihaplı tırnaklar,,,,,,,,,,,,,,,,,,,,,,,
Sedef Hastalığı,deri döküntüsü,eklem ağrısı,cilt soyulması,tırnaklarda küçük ezikler,iltihaplı tırnaklar,,,,,,,,,,,,,,,,,,,,,,,
Sedef Hastalığı,deri döküntüsü,eklem ağrısı,cilt soyulması,gümüş renkli toz,iltihaplı tırnaklar,,,,,,,,,,,,,,,,,,,,,,,
Sedef Hastalığı,deri döküntüsü,eklem ağrısı,cilt soyulması,gümüş renkli toz,tırnaklarda küçük ezikler,,,,,,,,,,,,,,,,,,,,,,,
İmpetigo,deri döküntüsü,yüksek ateş,kabarcık,burun çevresinde kırmızı yara,kabuktan sarı irin akması,,,,,,,,,,,,,,,,,,,,,,,
İmpetigo,yüksek ateş,kabarcık,burun çevresinde kırmızı yara,kabuktan sarı irin akması,,,,,,,,,,,,,,,,,,,,,,,,
İmpetigo,deri döküntüsü,kabarcık,burun çevresinde kırmızı yara,kabuktan sarı irin akması,,,,,,,,,,,,,,,,,,,,,,,,
İmpetigo,deri döküntüsü,yüksek ateş,burun çevresinde kırmızı yara,kabuktan sarı irin akması,,,,,,,,,,,,,,,,,,,,,,,,
İmpetigo,deri döküntüsü,yüksek ateş,kabarcık,kabuktan sarı irin akması,,,,,,,,,,,,,,,,,,,,,,,,
İmpetigo,deri döküntüsü,yüksek ateş,kabarcık,burun çevresinde kırmızı yara,,,,,,,,,,,,,,,,,,,,,,,,
Kovid,yorgunluk,yüksek ateş,tat kaybı,öksürük,,,,,,,,,,,,,,,,,,,,,,,,
Kovid,yüksek ateş,tat kaybı,öksürük,yorgunluk,,,,,,,,,,,,,,,,,,,,,,,,
Kovid,öksürük,yüksek ateş,yorgunluk,tat kaybı,,,,,,,,,,,,,,,,,,,,,,,,
Kovid,tat kaybı,yorgunluk,yüksek ateş,öksürük,,,,,,,,,,,,,,,,,,,,,,,,
Kovid,yüksek ateş,öksürük,yorgunluk,tat kaybı,,,,,,,,,,,,,,,,,,,,,,,,
Kovid,yorgunluk,koku kaybı,yüksek ateş,öksürük,,,,,,,,,,,,,,,,,,,,,,,,
Kovid,koku kaybı,yorgunluk,yüksek ateş,öksürük,,,,,,,,,,,,,,,,,,,,,,,,
Kovid,tat kaybı,öksürük,yorgunluk,yüksek ateş,,,,,,,,,,,,,,,,,,,,,,,,
Kovid,yüksek ateş,yorgunluk,öksürük,tat kaybı,,,,,,,,,,,,,,,,,,,,,,,,
Dimorfik Hemoroid,kabızlık,dışkı sırasında ağrı,anal bölgede ağrı,anüs tahrişi,,,,,,,,,,,,,,,,,,,,,,,,
Dimorfik Hemoroid,kabızlık,dışkı sırasında ağrı,anal bölgede ağrı,kanlı dışkı,anüs tahrişi,,,,,,,,,,,,,,,,,,,,,,,
Dimorfik Hemoroid,kabızlık,dışkı sırasında ağrı,kanlı dışkı,anüs tahrişi,,,,,,,,,,,,,,,,,,,,,,,,
Dimorfik Hemoroid,dışkı sırasında ağrı,anal bölgede ağrı,kanlı dışkı,anüs tahrişi,,,,,,,,,,,,,,,,,,,,,,,,
Dimorfik Hemoroid,kabızlık,dışkı sırasında ağrı,anal bölgede ağrı,kanlı dışkı,,,,,,,,,,,,,,,,,,,,,,,,
Dimorfik Hemoroid,kabızlık,anal bölgede ağrı,kanlı dışkı,anüs tahrişi,,,,,,,,,,,,,,,,,,,,,,,,
Mantar Enfeksiyonu,kaşıntı,deri döküntüsü,bezeli cilt döküntüleri,diskromik yaralar,,,,,,,,,,,,,,,,,,,,,,,,
Mantar Enfeksiyonu,kaşıntı,deri döküntüsü,diskromik yaralar,,,,,,,,,,,,,,,,,,,,,,,,,
Mantar Enfeksiyonu,deri döküntüsü,bezeli cilt döküntüleri,diskromik yaralar,,,,,,,,,,,,,,,,,,,,,,,,,
Mantar Enfeksiyonu,kaşıntı,bezeli cilt döküntüleri,diskromik yaralar,,,,,,,,,,,,,,,,,,,,,,,,,
Paroksismal Pozisyonel Vertigo,kusma,baş ağrısı,mide bulantısı,dönme hareketleri,denge kaybı,kararsızlık,,,,,,,,,,,,,,,,,,,,,,
Paroksismal Pozisyonel Vertigo,kusma,baş ağrısı,mide bulantısı,dönme hareketleri,denge kaybı,,,,,,,,,,,,,,,,,,,,,,,
Paroksismal Pozisyonel Vertigo,kusma,baş ağrısı,mide bulantısı,dönme hareketleri,kararsızlık,,,,,,,,,,,,,,,,,,,,,,,
Paroksismal Pozisyonel Vertigo,baş ağrısı,mide bulantısı,dönme hareketleri,denge kaybı,kararsızlık,,,,,,,,,,,,,,,,,,,,,,,
Paroksismal Pozisyonel Vertigo,kusma,mide bulantısı,dönme hareketleri,denge kaybı,kararsızlık,,,,,,,,,,,,,,,,,,,,,,,
Paroksismal Pozisyonel Vertigo,kusma,baş ağrısı,dönme hareketleri,denge kaybı,kararsızlık,,,,,,,,,,,,,,,,,,,,,,,
Paroksismal Pozisyonel Vertigo,kusma,baş ağrısı,mide bulantısı,denge kaybı,kararsızlık,,,,,,,,,,,,,,,,,,,,,,,
Nezle,ateş,öksürük,boğaz ağrısı,burun akıntısı veya tıkalı burun,kas ağrıları,baş ağrısı,yorgunluk,,,,,,,,,,,,,,,,,,,,,
Bronşit,öksürük,mukus üretimi,nefes darlığı,göğüs ağrısı,,,,,,,,,,,,,,,,,,,,,,,,
Akciğer İltihaplanması (zatüre),ateş,öksürük,nefes darlığı,göğüs ağrısı,yorgunluk,,,,,,,,,,,,,,,,,,,,,,,
Kalp Krizi,göğüs ağrısı,nefes darlığı,mide bulantısı,kusma,denge kaybı,terlemek,,,,,,,,,,,,,,,,,,,,,,
Felç,ani güç kaybı,vücudun bir tarafında uyuşukluk,bilinç bulanıklığı,konuşma zorluğu,tek gözde görme sorunu,şiddetli baş ağrısı,,,,,,,,,,,,,,,,,,,,,,
Kanser,yumru,açıklanamayan kilo kaybı,yorgunluk,bağırsaktaki değişiklikler,mesane alışkanlığında değişiklik,inatçı öksürük,hazımsızlık,açıklanamayan kanama veya akıntı,,,,,,,,,,,,,,,,,,,,
Diyabet,artan susuzluk,sık idrara çıkma,açıklanamayan kilo kaybı,yorgunluk,bulanık görüş,iyileşmesi yavaş olan kesikler,,,,,,,,,,,,,,,,,,,,,,
Alzheimer Hastalığı,hafıza kaybı,bilinç bulanıklığı,düşünme zorluğu,kişilik veya davranıştaki değişiklikler,,,,,,,,,,,,,,,,,,,,,,,,
Artrit,ağrı,sertlik,şişme,eklemlerde iltihaplanma,,,,,,,,,,,,,,,,,,,,,,,,
Adenovirüs,ateş,boğaz ağrısı,öksürük,göz nezlesi veya iltihabı,döküntü,pembe göz,,,,,,,,,,,,,,,,,,,,,,
Aflatoksikoz,kusma,ishal,sarılık,karaciğer hasarı,ölüm,,,,,,,,,,,,,,,,,,,,,,,
Alerjik Rinit,burun akması,hapşırma,gözlerde kaşıntı,burun kaşıntısı,boğaz,damak,,,,,,,,,,,,,,,,,,,,,,
Anemi,yorgunluk,nefes darlığı,soluk cilt,denge kaybı,baş dönmesi,,,,,,,,,,,,,,,,,,,,,,,
Anksiyete Bozukluğu,aşırı endişe,korku,günlük yaşamı etkileyen kaygı,,,,,,,,,,,,,,,,,,,,,,,,,
Apandisit,sağ alt karın bölgesinde ağrı,mide bulantısı,kusma,ateş,,,,,,,,,,,,,,,,,,,,,,,,
Asperger Sendromu,sosyal etkileşimde zorluk,tekrarlayan davranışlar,dikkat dağınıklığı,,,,,,,,,,,,,,,,,,,,,,,,,
Astım,hırıltı,nefes darlığı,öksürme,göğüste sıkışma,,,,,,,,,,,,,,,,,,,,,,,,
Bakteriyel Menenjit,ateş,baş ağrısı,boyun tutulması,mide bulantısı,kusma,ışığa duyarlılık,,,,,,,,,,,,,,,,,,,,,,
Bipolar Bozukluk,aşırı ruh hali değişimleri,manito depresyonu,,,,,,,,,,,,,,,,,,,,,,,,,,
Mesane Kanseri,idrarda kan,idrar yaparken ağrı veya yanma,sık idrara çıkma,idrara çıkma aciliyeti,idrar kaçırma,,,,,,,,,,,,,,,,,,,,,,,
Kan Pıhtısı,ağrı,şişme,kızarıklık,sıcaklık,zarar görmüş bölgede hassasiyet,nefes darlığı,göğüs ağrısı,nefes almada zorluk,kan tükürme,,,,,,,,,,,,,,,,,,,
Bursit,ağrı,şişme,rahimde iltihaplanma,eklemleri tamponlayan küçük sıvı kesesi,,,,,,,,,,,,,,,,,,,,,,,,
Rahim Ağzı Kanseri,anormal pap testi sonuçları,anormal vajinal kanama,seks sırasında ağrı,,,,,,,,,,,,,,,,,,,,,,,,,
Suçiçeği,döküntü,ateş,baş ağrısı,kas ağrıları,yorgunluk,,,,,,,,,,,,,,,,,,,,,,,
Soğuk Algınlığı,burun akması,hapşırma,boğaz ağrısı,öksürük,tıkanıklık,,,,,,,,,,,,,,,,,,,,,,,
Göz Nezlesi,kırmızı,kaşıntı,gözlerde sulanma,,,,,,,,,,,,,,,,,,,,,,,,,
Depresyon,üzüntü,umutsuzluk,aktivitelere ilgi kaybı,iştahtaki değişiklikler,uyumak,enerji seviyeleri,,,,,,,,,,,,,,,,,,,,,,
İshal,ishal,sulu dışkı,,,,,,,,,,,,,,,,,,,,,,,,,,
Yüksek Ateş,yüksek vücut ısısı,,,,,,,,,,,,,,,,,,,,,,,,,,,
Gıda Zehirlenmesi,mide bulantısı,kusma,ishal,karın krampları,,,,,,,,,,,,,,,,,,,,,,,,
Safra Taşları,sağ üst karın bölgesinde ağrı,mide bulantısı,kusma,ateş,,,,,,,,,,,,,,,,,,,,,,,,
Kalp Hastalığı,göğüs ağrısı,nefes darlığı,yorgunluk,baş dönmesi,bayılma,,,,,,,,,,,,,,,,,,,,,,,
Grip,ateş,öksürük,boğaz ağrısı,burun akıntısı veya tıkalı burun,kas ağrıları,baş ağrısı,yorgunluk,,,,,,,,,,,,,,,,,,,,,
Huzursuz Bağırsak Sendromu,karın ağrısı,şişkinlik,kabızlık,ishal,,,,,,,,,,,,,,,,,,,,,,,,
Böbrek Taşı,alt sırtta veya yan tarafta ağrı,mide bulantısı,kusma,idrarda kan,,,,,,,,,,,,,,,,,,,,,,,,
Akciğer Kanseri,geçmeyen öksürük,nefes darlığı,göğüs ağrısı,açıklanamayan kilo kaybı,yorgunluk,balgamda kan,,,,,,,,,,,,,,,,,,,,,,
Sıtma,ateş,üşümek,terlemek,baş ağrısı,kas ağrıları,yorgunluk,kusma,ishal,,,,,,,,,,,,,,,,,,,,
Kızamık,ateş,öksürük,burun akması,kırmızı gözler,boğaz ağrısı,döküntü,,,,,,,,,,,,,,,,,,,,,,
Menenjit,ateş,baş ağrısı,boyun tutulması,mide bulantısı,kusma,ışığa duyarlılık,,,,,,,,,,,,,,,,,,,,,,
Mononükleoz,ateş,boğaz ağrısı,yorgunluk,şişmiş lenf düğümleri,döküntü,,,,,,,,,,,,,,,,,,,,,,,
Kuduz,ateş,baş ağrısı,kas ağrıları,ısırık yerinde karıncalanma,yutma güçlüğü,su korkusu (kuduz),uçma korkusu,,,,,,,,,,,,,,,,,,,,,
Salmonella,ateş,ishal,karın krampları,mide bulantısı,kusma,,,,,,,,,,,,,,,,,,,,,,,
Zona Hastalığı,sinir yolunu takip eden ağrılı döküntü,,,,,,,,,,,,,,,,,,,,,,,,,,,
Tüberküloz,geçmeyen öksürük,ateş,gece terlemeleri,kilo kaybı,yorgunluk,göğüs ağrısı,,,,,,,,,,,,,,,,,,,,,,
İdrar Yolu Enfeksiyonu,ağrılı idrar yapma,yanma,sık idrara çıkma,idrara çıkma aciliyeti,idrarda kan,,,,,,,,,,,,,,,,,,,,,,,
Varisli Damarlar,şişmiş,çatlak damarlar,genellikle bacaklarda,,,,,,,,,,,,,,,,,,,,,,,,,
Siğiller,kabarık,ciltte pütürlü ve sert büyümeler,,,,,,,,,,,,,,,,,,,,,,,,,,
Mantar Enfeksiyonu,kaşıntı,yanma,vajinor penisinden akıntı,,,,,,,,,,,,,,,,,,,,,,,,,
Akantamoebkeratit,ağrı,kızarıklık,göz iltihabı,,,,,,,,,,,,,,,,,,,,,,,,,
Akut Apandisit,sağ alt karın bölgesinde ağrı,mide bulantısı,kusma,ateş,,,,,,,,,,,,,,,,,,,,,,,,
Akut Böbrek Yetmezliği,böbrek fonksiyonunda azalma,,,,,,,,,,,,,,,,,,,,,,,,,,,
Aort Anevrizması,aort duvarındaki çıkıntı,vücuttaki en büyük arter,,,,,,,,,,,,,,,,,,,,,,,,,,
Kolon Kanseri,dışkı alışkanlıklarında değişiklik,ishalimsi,kabızlık,dışkı azalması,dışkıda kan,karın ağrısı,açıklanamayan kilo kaybı,,,,,,,,,,,,,,,,,,,,,
Demans,hafıza kaybı,bilinç bulanıklığı,düşünme zorluğu,kişilik veya davranıştaki değişiklikler,,,,,,,,,,,,,,,,,,,,,,,,
Ereksiyon Bozukluğu,erekte olamama,ereksiyon olma,,,,,,,,,,,,,,,,,,,,,,,,,,
Fibromiyalji,geniş alana yayılmış ağrı,yorgunluk,hassasiyet,,,,,,,,,,,,,,,,,,,,,,,,,
Glokom,gözde optik sinire zarar verebilecek artan basınç,görme kaybına neden olma,,,,,,,,,,,,,,,,,,,,,,,,,,
Parkinson Hastalığı,ellerde titremek,yavaş hareket,sertlik,dengede zorluk,,,,,,,,,,,,,,,,,,,,,,,,
Peptik Ülser Hastalığı,üst karın bölgesinde ağrı,hazımsızlık,mide bulantısı,kusma,,,,,,,,,,,,,,,,,,,,,,,,
Periferik Arter Hastalığı,ağrı,uyuşukluk ve hissizlik,kollarda veya bacaklarda karıncalanma,,,,,,,,,,,,,,,,,,,,,,,,,
Prostat Kanseri,idrar yapma zorluğu,idrarda kan,sırtta veya kalçada ağrı,ereksiyon bozukluğu,,,,,,,,,,,,,,,,,,,,,,,,
Romatizmal Eklem İltihabı,ağrı,şişme,eklemlerde kısıtlılık,,,,,,,,,,,,,,,,,,,,,,,,,
Felç,ani güç kaybı,vücudun bir tarafında uyuşukluk,konuşma zorluğu,bilinç bulanıklığı,tek gözde görme sorunu,şiddetli baş ağrısı,,,,,,,,,,,,,,,,,,,,,,
Mide Kanseri,üst karın bölgesinde ağrı,hazımsızlık,mide bulantısı,kusma,kilo kaybı,,,,,,,,,,,,,,,,,,,,,,,
Tiroid Kanseri,boyundaki yumru,ses kısıklığı,yorgunluk,kilo kaybı,açıklanamayan ısı intoleransı,soğuğa duyarlılık,,,,,,,,,,,,,,,,,,,,,,
Ülseratif Kolit,ishal,kanlı dışkı,karın ağrısı,kilo kaybı,,,,,,,,,,,,,,,,,,,,,,,,
Atopik Dermatit,kaşıntı,kırmızı,iltihaplı cilt,,,,,,,,,,,,,,,,,,,,,,,,,
Çölyak Hastalığı,ishal,şişkinlik,kilo kaybı,yorgunluk,karın ağrısı,,,,,,,,,,,,,,,,,,,,,,,
Kronik Böbrek Hastalığı,yorgunluk,nefes darlığı,şişme,yüksek tansiyon,idrara çıkma değişikliği,,,,,,,,,,,,,,,,,,,,,,,
Crohn Hastalığı,ishal,kanlı dışkı,karın ağrısı,kilo kaybı,,,,,,,,,,,,,,,,,,,,,,,,
Graves Hastalığı,hipertiroidizm,aşırı aktif olan tiroit,,,,,,,,,,,,,,,,,,,,,,,,,,
Hashimoto Tiroiditi,hipotiroidizm,yetersiz olan bir tiroit,,,,,,,,,,,,,,,,,,,,,,,,,,
Tip 1 Diyabet,sık idrara çıkma,artan susuzluk,kilo kaybı,,,,,,,,,,,,,,,,,,,,,,,,,
Tip 2 Diyabet,yorgunluk,artan açlık,yaraların yavaş iyileşmesi,,,,,,,,,,,,,,,,,,,,,,,,,
Gastroenterit,mide bulantısı,kusma,ishal,karın ağrısı veya kramplar,ateş,,,,,,,,,,,,,,,,,,,,,,,
İdrar Taşları,şiddetli karın veya sırt ağrısı,idrarda kan,sık idrara çıkma,idrara çıkma sırasında ağrı,,,,,,,,,,,,,,,,,,,,,,,,
Bronşit,sarı veya yeşil balgamlı kalıcı öksürük,göğüs tıkanıklığı,yorgunluk,,,,,,,,,,,,,,,,,,,,,,,,,
Güneşe Maruz Kalmaya Bağlı Dermatit,döküntü gibi güneş yanığı,kızarıklık,kaşıntı,,,,,,,,,,,,,,,,,,,,,,,,,
Uyuz,yoğun kaşıntı,özellikle geceleri,küçük kabarcıklar veya şişlikler,,,,,,,,,,,,,,,,,,,,,,,,,
Sedef Hastalığı,ciltte pullu lekeler,kaşıntı,,,,,,,,,,,,,,,,,,,,,,,,,,
Egzama,kaşıntı,iltihaplı cilt,döküntü,,,,,,,,,,,,,,,,,,,,,,,,,
Kronik Baş Ağrısı,kalıcı baş ağrısı,boyun ve omuzlarda gerginlik,,,,,,,,,,,,,,,,,,,,,,,,,,
Lupus,eklem ağrısı,yorgunluk,deri döküntüsü,,,,,,,,,,,,,,,,,,,,,,,,,
Endometriozis,pelvik ağrısı,ağrılı dönemler,kısırlık,,,,,,,,,,,,,,,,,,,,,,,,,
Migren,şiddetli baş ağrısı,mide bulantısı,ışığa ve sese duyarlılık,,,,,,,,,,,,,,,,,,,,,,,,,
Siyatik,bel ağrısı,bacak ağrısı,uyuşma veya karıncalanma,,,,,,,,,,,,,,,,,,,,,,,,,
Analjeziklere Bağlı Zehirlenme,mide bulantısı,kusma,karın ağrısı,baş dönmesi,bilinç bulanıklığı,solunum zorluğu,,,,,,,,,,,,,,,,,,,,,,
Kıl Kurdu Enfeksiyonu,anüs veya vajina çevresinde kaşıntı,huzursuz uyku,sinirlilik,anal veya vajinal akıntı,karın ağrısı veya rahatsızlık,iştah kaybı,,,,,,,,,,,,,,,,,,,,,,
Üretral Valfler,zorlu veya zayıf idrar akışı,idrar yolu enfeksiyonları,idrar sıklığı veya aciliyet,karın şişliği,sağlıksız kilo alımı,,,,,,,,,,,,,,,,,,,,,,,
Saçkıran,saç dökülmesi veya kellik,düzensiz veya genelleştirilmiş saç dökülmesi,,,,,,,,,,,,,,,,,,,,,,,,,,
Kronik Sinüzit,yüz ağrısı veya basıncı,burun tıkanıklığı,koyu burun akıntısı,geniz akıntısı,öksürük,yorgunluk,,,,,,,,,,,,,,,,,,,,,,
Kolesteatom,kulak ağrısı,işitme kaybı,kulak drenajı,baş dönmesi veya vertigo,kulak çınlaması,,,,,,,,,,,,,,,,,,,,,,,
Bağırsak Düğümlenmesi,karın ağrısı,mide bulantısı,kusma,şişkinlik,kabızlık,kanlı dışkı,,,,,,,,,,,,,,,,,,,,,,
Hemartroz,eklem şişmesi,ağrı,sıcaklık,sınırlı hareket açıklığı,,,,,,,,,,,,,,,,,,,,,,,,
Göz Kapağı Kisti,göz kapağında ağrılı yumru veya şişlik,kızarıklık,hassasiyet,,,,,,,,,,,,,,,,,,,,,,,,,
Balanit,penis ucunun iltihaplanması,kızarıklık,şişme,ağrı,,,,,,,,,,,,,,,,,,,,,,,,
Bağırsak Malabsorbsiyonu,kronik ishal,kilo kaybı,karın ağrısı,karın şişkinliği,yorgunluk,,,,,,,,,,,,,,,,,,,,,,,
Faranjit,şiddetli boğaz ağrısı,yutma güçlüğü,ateş,şişmiş bademcikler,ses değişiklikleri,boyun ağrısı veya sertliği,,,,,,,,,,,,,,,,,,,,,,
Gastroparezi,mide bulantısı,kusma,erken doyma hissi,şişkinlik,karın ağrısı,iştahsızlık,,,,,,,,,,,,,,,,,,,,,,
Baş ve Boyun Kanseri,kalıcı boğaz ağrısı,yutma güçlüğü,ses değişiklikleri,kulak ağrısı,boyun kitlesi,kilo kaybı,,,,,,,,,,,,,,,,,,,,,,
Kronik Hastalık Anemisi,yorgunluk,zayıflık,soluk cilt,nefes darlığı,egzersiz toleransının azalması,,,,,,,,,,,,,,,,,,,,,,,
Kızıl Hastalığı,boğaz ağrısı,ateş,döküntü,şişmiş bezler,,,,,,,,,,,,,,,,,,,,,,,,
Hipertansif Kalp Hastalığı,yüksek tansiyon,göğüs ağrısı veya rahatsızlığı,nefes darlığı,yorgunluk,,,,,,,,,,,,,,,,,,,,,,,,
Madde Bağımlılığı,sakinlik (ilaçla yatıştırma),uyuklama,konuşma bozukluğu,bilinç bulanıklığı,solunum sıkıntısı,,,,,,,,,,,,,,,,,,,,,,,
Ansefalit,baş ağrısı,ateş,bilinç bulanıklığı,nöbetler,nörolojik semptomlar,,,,,,,,,,,,,,,,,,,,,,,
Kas Spazmı,ani kasılma,istemsiz kas kasılmaları,kas ağrısı,sertlik,sınırlı hareket açıklığı,,,,,,,,,,,,,,,,,,,,,,,
Böbrek Yetmezliği,idrar çıkışının azalması,sıvı birikmesi,yorgunluk,nefes darlığı,mide bulantısı,bilinç bulanıklığı,göğüs ağrısı,nöbetler,,,,,,,,,,,,,,,,,,,,
Diş Çürüğü,diş ağrısı,diş hassasiyeti,dişlerde görünür çukurlar veya delikler,dişlerdeki koyu lekeler,ağız kokusu,,,,,,,,,,,,,,,,,,,,,,,
Burun Bozukluğu,burun tıkanıklığı,burun akması,hapşırma,yüz ağrısı veya basıncı,koku kaybı,,,,,,,,,,,,,,,,,,,,,,,
Kuduz,ateş,baş ağrısı,yorgunluk,endişe,bilinç bulanıklığı,halüsinasyonlar,yutma güçlüğü,,,,,,,,,,,,,,,,,,,,,
Hemolitik Anemi,yorgunluk,zayıflık,soluk cilt,nefes darlığı,sarılık,,,,,,,,,,,,,,,,,,,,,,,
A Vitamini Eksikliği,gece körlüğü,kuru gözler,kuru veya pürüzlü cilt,zayıf yara iyileşmesi,zayıf bağışıklık,,,,,,,,,,,,,,,,,,,,,,,
Belsoğukluğu,ağrılı idrar yapma,cinsel organlardan anormal akıntı,pelvik ağrısı,,,,,,,,,,,,,,,,,,,,,,,,,
Ependimom,baş ağrısı,mide bulantısı,nöbetler,dengeyi kaybı,,,,,,,,,,,,,,,,,,,,,,,,
Toksine Bağlı Hepatit,yorgunluk,sarılık,karın ağrısı,mide bulantısı,kusma,,,,,,,,,,,,,,,,,,,,,,,
Uçuk,dudaklarda veya ağız çevresinde küçük ve ağrılı kabarcıklar,,,,,,,,,,,,,,,,,,,,,,,,,,,
Meme Kanseri,göğüste yumru,meme büyüklüğünde veya şeklinde değişiklikler,meme ucunda değişiklikler,meme ağrısı,,,,,,,,,,,,,,,,,,,,,,,,
Testis Kanseri,testislerde şişlik veya yumru,ağrı veya rahatsızlık,testis boyutunda veya şeklinde değişiklikler,,,,,,,,,,,,,,,,,,,,,,,,,
Anksiyete,aşırı endişe,huzursuzluk,artan kalp atış hızı,panik ataklar,,,,,,,,,,,,,,,,,,,,,,,,
Burun Apsesi,ağrı,şişme,kızarıklık,burun akıntısı,,,,,,,,,,,,,,,,,,,,,,,,
Lösemi,yorgunluk,soluk cilt,sık enfeksiyonlar,kolay kanama veya morarma,,,,,,,,,,,,,,,,,,,,,,,,
İlaç Reaksiyonu,döküntü,kaşıntı,şişme,ateş,solunum semptomları,,,,,,,,,,,,,,,,,,,,,,,
Farenjit,boğaz ağrısı,yutma güçlüğü,şişmiş lenf düğümleri,,,,,,,,,,,,,,,,,,,,,,,,,
Akciğer İltihaplanması (zatüre),öksürük,ateş,göğüs ağrısı,nefes almada zorluk,,,,,,,,,,,,,,,,,,,,,,,,
Siringomiyeli,kas güçsüzlüğü,duyu kaybı,kronik ağrı,,,,,,,,,,,,,,,,,,,,,,,,,
Pulmoner Fibroz,nefes darlığı,kuru öksürük,yorgunluk,,,,,,,,,,,,,,,,,,,,,,,,,
Parkinson Hastalığı,ellerde titremek,sertlik,hareket yavaşlığı,,,,,,,,,,,,,,,,,,,,,,,,,
Gut,yoğun eklem ağrısı,şişme,kızarıklık,,,,,,,,,,,,,,,,,,,,,,,,,
Gıda Alerjisi,döküntü,kaşıntı,şişme,nefes almada zorluk,sindirim sistemi ile ilgili semptomlar,,,,,,,,,,,,,,,,,,,,,,,
Adet Öncesi Gerginlik Sendromu,ruh halinde ani değişimler,şişkinlik,göğüslerde hassasiyet,sinirlilik,,,,,,,,,,,,,,,,,,,,,,,,
Panik Atak,göğüs ağrısı,nefes darlığı,çarpıntı hissi,,,,,,,,,,,,,,,,,,,,,,,,,
B12 Vitamini Eksikliği,yorgunluk,zayıflık,soluk cilt,nefes darlığı,ellerde ve ayaklarda karıncalanma veya uyuşma,denge sorunları,ağızda yanma hissi,,,,,,,,,,,,,,,,,,,,,
Mesane Bozukluğu,sık idrara çıkma,aciliyet,pelvik ağrısı,,,,,,,,,,,,,,,,,,,,,,,,,
Bitler,kaşıntı,saçta gözle görülür bit varlığı,,,,,,,,,,,,,,,,,,,,,,,,,,
Antidepresanlara Bağlı Zehirlenme,mide bulantısı,kusma,uyuklama,baş dönmesi,bilinç bulanıklığı,nöbetler,kalp atış hızındaki değişiklikler,düşük kan basıncı,solunum zorluğu,,,,,,,,,,,,,,,,,,,
Magnezyum Eksikliği,kas kasılmaları,kas krampları,yorgunluk,zayıflık,iştah kaybı,mide bulantısı,kusma,sinirlilik,zihinsel karmaşa,düzensiz kalp atışı,karıncalanma veya uyuşma,kişilik değişiklikleri,nöbetler,,,,,,,,,,,,,,,
Siroz,yorgunluk,sarılık,karın şişmesi,kolay morarma ve kanama,bilinç bulanıklığı,iştah kaybı,kilo kaybı,,,,,,,,,,,,,,,,,,,,,
Panik Atak,çarpıntı hissi,terlemek,titreme,nefes darlığı,kontrolü kaybetme korkusu,baş dönmesi,,,,,,,,,,,,,,,,,,,,,,
Kırık,ağrı,şişme,morarma,şekil bozukluğu,hareket etme zorluğu,fonksiyon kaybı,,,,,,,,,,,,,,,,,,,,,,
Hipertansif Hastalık,göğüs ağrısı,nefes darlığı,baş dönmesi,bitkinlik,düşmek,baygınlık,vertigo,ter,çarpıntı,mide bulantısı,göğüs ağrısı,göğüste baskı,,,,,,,,,,,,,,,,
Diyabet,sık idrara çıkma,polidipsi,nefes darlığı,göğüs ağrısı,bitkinlik,mide bulantısı,dik durma haricinde nefes darlığı,solunumda hırıltı,ter,tepkisizlik,ruhsal durum değişiklikleri,vertigo,kusma,zor nefes alma,,,,,,,,,,,,,,
Ruhsal Depresyon,intihara meyilli hissetmek,intihara meyilli,işitsel halüsinasyonlar,umutsuz hissetmek,ağlamak,uykusuzluk,motor kaslarda yavaşlama,sinirli ruh hali,bayılma,depresif ruh hali,görsel halüsinasyonlar,endişelenmek,ajitasyon,titreme,sarhoşluk,sözlü ve işitsel halüsinasyonlar,artan enerji,difficulty,nightmare,unable to concentrate,homelessness,,,,,,,
Koroner Arterioskleroz,göğüs ağrısı,göğüs ağrısı,nefes darlığı,hamlık,ter,göğüste baskı,eforla nefes darlığı,dik durma haricinde nefes darlığı,göğüste sıkışma,,,,,,,,,,,,,,,,,,,
Akciğer İltihaplanması (zatüre),öksürük,ateş,yarı saydamlığın azalması,nefes darlığı,solunumda hırıltı,balgamlı öksürük,plöretik ağrı,sarı balgam,solunum sesi azalması,üşümek,göğüste hırıltılı ses,yeşil balgam,kuru öksürük,hırıltı,kanlı balgam veya kan tükürme,solunumda zayıflık,çok hızlı solunum,malaise,night sweat,,,,,,,,,
Kronik Kalp Yetmezliği,nefes darlığı,dik durma haricinde nefes darlığı,juguler venöz dolgunluk,solunumda hırıltı,nefes darlığı,öksürük,hırıltı,,,,,,,,,,,,,,,,,,,,,
Serebrovasküler Kaza,dizartri,bitkinlik,konuşma bozukluğu,kısmi yüz felci,hemipleji,tepkisizlik,nöbet geçirmek,uyuşukluk ve hissizlik,,,,,,,,,,,,,,,,,,,,
Astım,hırıltı,öksürük,nefes darlığı,göğüste sıkışma,kuru öksürük,plöretik ağrı,balgamlı öksürük,solunum yolu semptonlarını ağırlaştıran faktörler,solunumda zayıflık,,,,,,,,,,,,,,,,,,,
Miyokardiyal Enfarktüs,göğüs ağrısı,st segment yükselmesi,ter,nefes darlığı,st segment depresyonu,hamlık,göğüs ağrısı,göğüste baskı,ters t dalgası,dik durma haricinde nefes darlığı,solunumda hırıltı,göğüste sıkışma,q dalgasının varlığı,çarpıntı,nefes darlığı,göğüs rahatsızlığı,düşük nabız,syncope,,,,,,,,,,
Hiperkolesterolemi,ağrı,göğüs ağrısı,ter,sigara içmemek,göğüste baskı,baygınlık,uyuşukluk ve hissizlik,göğüs rahatsızlığı,nefes darlığı,st segment depresyonu,endişelenmek,ters t dalgası,düşük nabız,nefes darlığı,,,,,,,,,,,,,,
Enfeksiyon,ateş,deri kızarıklığı,yarı saydamlığın azalması,karaciğer ve dalak büyümesi,üşümek,kaşıntı,ishal,bakterital apse,şişme,ağrı,düşük ateş,öksürük,,,,,,,,,,,,,,,,
İdrar Yolu Enfeksiyonu,ateş,idrar yaparken ağrı,kanlı idrar,böbrekte hassasiyeti,rehavet,bitkinlik,kanda sodyum azlığı,hemodinamik olarak stabil,solunumda zayıflık,idrarı yapma zorluğu,ruhsal durum değişiklikleri,bilincin açık olması,,,,,,,,,,,,,,,,
Anemi,üşümek,guaiac pozitif,monoklonal,ezik,tümör hücresinin yayılması,kanama,solukluk,bitkinlik,yorgunluk,hem pozitif,sırt ağrısı,ortostaz,kanda sodyum azlığı,baş dönmesi,nefes darlığı,ağrı,göğüste hırıltılı ses,arthralgia,swelling,transaminitis,,,,,,,,
Kronik Obstrüktif Akciğer Hastalığı,nefes darlığı,hırıltı,öksürük,nefes darlığı,solunumda zayıflık,iltihaplı balgam,kanda düşük oksijen,karbondioksit zehirlenmesi,hastanın karşı gelmesi,göğüste sıkışma,,,,,,,,,,,,,,,,,,
Demans,ateş,düşmek,tepkisizlik,rehavet,ajitasyon,ezik,baygınlık,solunumda hırıltı,bilinçsiz durum,öksürük,yatalak,ağrı,kısmi yüz felci,karın hassasiyeti,göğüste hırıltılı ses,dengesiz yürüyüş,işitsel halüsinasyonlar,,,,,,,,,,,
Böbrek Yetmezliği,nefes darlığı,hiperkalemi,dik durma haricinde nefes darlığı,solunumda hırıltı,idrar tutamama,karın iltihabı,guaiac pozitif,bitkinlik,düşük ateş,ruhsal durum değişiklikleri,nefes darlığı,zorluk,ishal,tansiyon düşüklüğü,solunum sesi azalması,şişme,hamlık,,,,,,,,,,,
Bilinç Bulanıklığı,nöbet geçirmek,idrar tutamama,rehavet,konuşma bozukluğu,düşmek,bilincin açık olması,ruhsal durum değişiklikleri,asteriksi,bilinçsiz durum,ajitasyon,kas seğirmesi,bitkinlik,uykulu,baş dönmesi,baş ağrısı,dizartri,denge kaybı,tremor,hyponatremia,unresponsiveness,,,,,,,,
Dejeneratif Poliartrit,ağrı,gıda sindirememe,el uyuşması,genel rahatsızlık,uyuklama,bitkinlik,sigara içmemek,kuru öksürük,polidipsi,sertlik,dengesiz yürüyüş,,,,,,,,,,,,,,,,,
Hipotiroidizm,nefes darlığı,prostatizm,uyuklama,kanda sodyum azlığı,düşmek,dengesiz yürüyüş,sık idrara çıkma,tansiyon düşüklüğü,zorluk,baygınlık,kabus,konuşma bozukluğu,kilo almak,bitkinlik,yorgunluk,ajitasyon,ruhsal durum değişiklikleri,motor retardation,vomiting,numbness,mass of body structure,,,,,,,
Anksiyete,endişelenmek,intihara meyilli hissetmek,intihara meyilli,uykusuzluk,umutsuz hissetmek,sinirli ruh hali,titreme,bayılma,ağlamak,dini inancın olması,sinirlilik,görsel halüsinasyonlar,karıncalanma,zorluk,göğüs ağrısı,hastanın karşı gelmesi,ajitasyon,palpitation,hallucinations auditory,mood depressed,hot flush,pain,consciousness clear,nightmare,,,,
Malign Neoplazmalar,ağrı,vücut yapısının büyümesi,doku bozukluğu,omuz ve yüz arasında pembe ve mor noktalar,amfizemde değişiklik,vücut ağırlığının azalması,karın iltihabı,ses kısıklığı,kalınlaşmak,kanlı idrar,,,,,,,,,,,,,,,,,,
Kazanılmış Bağışıklık Sendromu,ateş,gece terlemesi,membranların kendiliğinden yırtılması,öksürük,,vücut ağırlığının azalması,üşümek,ishal,plöretik ağrı,hastanın karşı gelmesi,çok hızlı solunum,balgamlı öksürük,kas azalması,intihara meyilli hissetmek,,,,,,,,,,,,,,
Selülit,deri kızarıklığı,ağrı,şişme,kızarıklık,ateş,bakterital apse,hastanın karşı gelmesi,acı duyumama,işitme hassasiyeti artması,kaşıntı,göğüs ağrısı,çizik izleri,üşümek,dokununca acıma,,,,,,,,,,,,,,
Gastroözofajeal Reflü Hastalığı,ağrı,göğüs ağrısı,yanma hissi,kanda sodyum azlığı,erken doyma hissi,zonklama hissi,göğüste sıkışma,duyularda rahatsızlık,q dalgasının varlığı,mide bulantısı,genel rahatsızlık,kabızlık,çarpıntı,karın ağrısı,göğüste ağrılı yanma hissi,ter,bitkinlik,,,,,,,,,,,
Kan Zehirlenmesi,ateş,solunumda zayıflık,tansiyon düşüklüğü,çok hızlı solunum,üşümek,rehavet,düşük nabız,makat prezantasyonu,siyanoz,membranların kendiliğinden yırtılması,kanama,tepkisizlik,solunumda hırıltı,düşük ateş,,,,,,,,,,,,,,
Derin Toplar Damar Pıhtılaşması,şişme,ağrı,ezik,nefes darlığı,alt uzuvlarda ağrı,kalp büyümesi,solunumda hırıltı,deri kızarıklığı,tansiyon düşüklüğü,kasların hızlı kasılıp gevşemesi,kuru öksürük,kızarıklık,,,,,,,,,,,,,,,,
Dehidrasyon,ateş,ishal,kusma,tansiyon düşüklüğü,mide bulantısı,denge kaybı,keyifsizlik,ruhsal durum değişiklikleri,anoreksiya,bitkinlik,duyularda rahatsızlık,baygınlık,rehavet,baş dönmesi,baygınlık,,,,,,,,,,,,,
Neoplazma,vücut yapısının büyümesi,doku bozukluğu,göğüs ağrısı,kanlı idrar,tümör hücresinin yayılması,ağrı,koku alamama,kalınlaşmak,metastatik doku bozukluğu,gıda sindirememe,vücut ağırlığının azalması,gece terlemesi,görme alanının yarısının kaybı,erken doyma hissi,karın ağrısı,baş ağrısı,,,,,,,,,,,,
Akciğer Embolisi,nefes darlığı,kanda düşük oksijen,çok hızlı solunum,kan hücresi azalması,göğüs ağrısı,nefes darlığı,plöretik ağrı,boyun tutulması,sarı balgam,balgamlı öksürük,yaranın kapanması,tepkisizlik,solunumda zayıflık,hırıltı,düşük ateş,kuru öksürük,,,,,,,,,,,,
Epilepsi,nöbet geçirmek,metabolizmanın yavaş çalışması,duyuları etklieyen belirti,kas seğirmesi,uyuklama,titreme,tepkisizlik,hemipleji,kas seğirmesi,guruldamak,uykulu,rehavet,tekerlekli sandalyeye bağlı,,,,,,,,,,,,,,,
Kardiyomiyopati,nefes darlığı,dik durma haricinde nefes darlığı,hamlık,juguler venöz dolgunluk,çarpıntı,göğüs ağrısı,baygınlık,sarı balgam,solunumda hırıltı,nefes darlığı,eforla nefes darlığı,sol atriyal hipertrofi,yorgunluk,kilo almak,hastanın karşı gelmesi,,,,,,,,,,,,,
Kronik Böbrek Yetmezliği,kusma,dik durma haricinde nefes darlığı,hiperkalemi,idrar azlığı,juguler venöz dolgunluk,mide bulantısı,nefes darlığı,ruhsal durum değişiklikleri,ishal,bitkinlik,göğüste sıkışma,keyifsizlik,üşümek,solunumda hırıltı,ateş,plöretik ağrı,düşük ateş,guaiac positive,swelling,catatonia,unresponsiveness,yellow sputum,,,,,,
Karsinom,vücut yapısının büyümesi,ağrı,doku bozukluğu,tümör hücresinin yayılması,kalınlaşmak,vücut ağırlığının azalması,ses kısıklığı,genel rahatsızlık,metastatik doku bozukluğu,kuru öksürük,kabızlık,mutsuz,dokunma hissinde bozukluklar,gravida 0,ishal,dokununca acıma,göğüste ağrılı yanma hissi,nausea,lung nodule,,,,,,,,,
Hepatit C,karın iltihabı,karın şişmesi,intihara meyilli hissetmek,öksürük,ağrı,yumuşamış cilt,ağır duygu,işitsel halüsinasyonlar,üşümek,asteriksi,hastanın karşı gelmesi,,,,,,,,,,,,,,,,,
Periferik Damar Hastalığı,nefes darlığı,dinlenirken ağrı durumu,göğüs ağrısı,tepkisizlik,hiperkalemi,sinüs ritmi,zor nefes alma,nefes darlığı,dokununca acıma,anoreksiya,uykulu,,,,,,,,,,,,,,,,,
Psikotik Bozukluk,intihara meyilli,işitsel halüsinasyonlar,intihara meyilli hissetmek,görsel halüsinasyonlar,motor kaslarda yavaşlama,bayılma,sözlü ve işitsel halüsinasyonlar,umutsuz hissetmek,sinirli ruh hali,ajitasyon,titreme,donakalmak,ağlamak,evsizlik,uykusuzluk,içine kapanmak,artan enerji,intoxication,worry,behavior hyperactive,patient non compliance,mood depressed,terrify,nightmare,consciousness clear,,,
Hiperlipidemi,göğüs ağrısı,göğüs ağrısı,çarpıntı,q dalgasının varlığı,gözde ışık çakması,ter,göğüs rahatsızlığı,nefes darlığı,değişken ruh hali,hamlık,hemipleji,baş dönmesi,,,,,,,,,,,,,,,,
Bipolar Bozukluk,intihara meyilli hissetmek,artan enerji,intihara meyilli,sinirli ruh hali,ajitasyon,dini inancın olması,rahatsız aile,işitsel halüsinasyonlar,sözlü ve işitsel halüsinasyonlar,ağlamak,hiperaktif davranışlar,donakalmak,umutsuz hissetmek,endişelenmek,uykusuzluk,aşırı uyku,zorluk,hallucinations visual,hyperhidrosis disorder,mydriasis,extrapyramidal sign,loose associations,intoxication,motor retardation,homelessness,blackout,tremor,exhaustion
Obezite,ağrı,donakalmak,horlama,göğüs ağrısı,r dalgası özelliği,dini inancın olması,nefes darlığı,yorgunluk,obez,sistolik üfürüm,depresif ruh hali,ezik,,,,,,,,,,,,,,,,
İskemi,uyuklama,göğüs ağrısı,göğüs ağrısı,göğüste baskı,göğüs rahatsızlığı,nefes darlığı,nefes darlığı,sinüs ritmi,düşük nabız,ter,solunumda hırıltı,semptom vermeyen,anoreksiya,,,,,,,,,,,,,,,
Siroz,karın iltihabı,düşmek,dalak büyümesi,kaşıntı,karın ağrısı,tümör hücresinin yayılması,karın şişmesi,doku bozukluğu,hemodinamik olarak stabil,guaiac pozitif,dokununca acıma,vajina kanaması,,,,,,,,,,,,,,,,
Ekzantem,ateş,kaşıntı,leke veya benek,doku bozukluğu,kızarıklık,baş ağrısı,düşük ateş,eklem ağrısı,şişme,deri kızarıklığı,ışık korkusu,üşümek,çizik izleri,ağrı,ağrılı yutma,,,,,,,,,,,,,
İyi Huylu Prostat Hipertrofisi,ruhsal durum değişiklikleri,kansızlık ve kilo kaybı,bayılma,ortostaz,dik durma haricinde nefes darlığı,gece terlemesi,solunumda zayıflık,anoreksiya,dizartri,,,,,,,,,,,,,,,,,,,
Akut Böbrek Yetmezliği,hiperkalemi,tansiyon düşüklüğü,hipokalsemi sonucu,idrar azlığı,hemodinamik olarak stabil,bitkinlik,hipotermi,doğal,ishal,kanama,tepkisizlik,,,,,,,,,,,,,,,,,
Mitral Kapak Yetmezliği,nefes darlığı,eforla nefes darlığı,semptom vermeyen,hamlık,nefes darlığı,baygınlık,kalınlaşmak,sol atriyal hipertrofi,çarpıntı,yorgunluk,kusma,ağrı,kalp büyümesi,göğüs rahatsızlığı,,,,,,,,,,,,,,
Artrit,ağrı,hemodinamik olarak stabil,uykusuzluk,bitkinlik,baygınlık,şişme,atipi,genel istikrarsızlık,nefes darlığı,karın şişmesi,,,,,,,,,,,,,,,,,,
Bronşit,öksürük,hırıltı,nefes darlığı,göğüste sıkışma,ateş,boğaz ağrısı,balgamlı öksürük,karaciğer ve dalak büyümesi,gece terlemesi,kanlı balgam veya kan tükürme,zor nefes alma,nezle,kuru öksürük,nefes darlığı,üşümek,hırıltı,vücut ağırlığının azalması,,,,,,,,,,,
Hemiparezi,dizartri,felç,bitkinlik,yutma güçlüğü,nöbet geçirmek,konuşma bozukluğu,fokal nöbetler,hemipleji,anormal duyum,tepkisizlik,sersemlik,uyuklama,hırıltı,korneada demir birikimi çizgisi,batma hissi,felç,kasların hızlı kasılıp gevşemesi,facial paresis,,,,,,,,,,
Kemik Erimesi,prostatizm,düşmek,aşırı kıllılık,burnunu çekmek,karın şişmesi,vertigo,el uyuşması,anormal derecede yavaş fiziksel hareket,ağrı,baygınlık,nefessiz kalma,düşük ateş,idrar kaçırma hissi,denge kaybı,,,,,,,,,,,,,,
Geçici İskemik Atak,konuşma bozukluğu,dizartri,kısmi yüz felci,bitkinlik,boyun tutulması,vertigo,uyuşukluk ve hissizlik,denge kaybı,ekstrapiramidal işaretler,korneada demir birikimi çizgisi,bulanık görüş,baş ağrısı,baygınlık,zorluk,tutarsız konuşma,beceriksizlik veya sakarlık,,,,,,,,,,,,
Adenokarsinom,vücut yapısının büyümesi,doku bozukluğu,vücut ağırlığının azalması,kabızlık,hırıltı,dışkı miktarında azalma,erken doyma hissi,kanlı dışkı,egofoni,ağrı,yaranın kapanması,karın ağrısı,,,,,,,,,,,,,,,,
Paranoya,işitsel halüsinasyonlar,görsel halüsinasyonlar,ajitasyon,sinirli ruh hali,sözlü ve işitsel halüsinasyonlar,intihara meyilli hissetmek,intihara meyilli,dehşete düşürmek,yeni kelimeler uydurmak,evsizlik,artan enerji,depresif ruh hali,strese karşı savunma mekanizması geliştirememe,yaranın kapanması,bayılma,bilinç kaybı,,,,,,,,,,,,
Pankreatit,kusma,karın ağrısı,mide bulantısı,ağrı,ishal,dışkı renginin sarı olması,sıcaklıkla ilişkili gözlem,düşük ateş,dokununca acıma,,,,,,,,,,,,,,,,,,,
İdrar Kaçırma,kısmi felç,nöbet geçirmek,bitkinlik,idrar kaçırma hissi,bilinçsiz durum,duyuları etklieyen belirti,kaprisli,düşme korkusu,titreme,spazm,mutsuz,baygınlık,düşmek,sertlik,tepkisizlik,,,,,,,,,,,,,
Paroksismal Dispne,dik durma haricinde nefes darlığı,nefes darlığı,eforla nefes darlığı,juguler venöz dolgunluk,solunumda hırıltı,göğüs ağrısı,çarpıntı,ter,kilo almak,öksürük,nefes darlığı,,,,,,,,,,,,,,,,,
Fıtık,karın ağrısı,ağrı,normalden daha hızlı ve derin nefes alma,dayanılmaz acı,mide bulantısı,duruş,hemipleji,dokununca acıma,kanama,düşük ateş,gıda sindirememe,nabız yok,bitkinlik,vücut yapısının büyümesi,kalınlaşmak,,,,,,,,,,,,,
Prostat Malign Neoplazmı,kanlı idrar,dokunma duyusu ve ağrı hissi bozukluğu,bitkinlik,birden fazla kasta ağrı,taş düşürmek,plöretik ağrı,guaiac pozitif,solunumda hırıltı,solunum sesi azalması,idrar kaçırma hissi,idrar yaparken ağrı,ishal,vertigo,qt aralığı uzadı,kas kordinasyon bozukluğu,felç,görme alanının yarısının kaybı,tumor cell invasion,hemodynamically stable,mass of body structure,rhonchus,orthostasis,decreased body weight,,,,,
Akciğer Ödemi,idrar tutamama,nefes darlığı,solunumda hırıltı,çok hızlı solunum,dik durma haricinde nefes darlığı,heberden düğümü,juguler venöz dolgunluk,nefes darlığı,ter,hastanın karşı gelmesi,göğüs rahatsızlığı,hiperkalemi,sinüs ritmi,göğüs ağrısı,tansiyon düşüklüğü,hırıltı,,,,,,,,,,,,
Lenf Hastalıkları,ağrı,vücut yapısının büyümesi,gece terlemesi,dalak büyümesi,doku bozukluğu,üşümek,vücut ağırlığının azalması,şişme,ateş,işitme hassasiyeti artması,hırıltı,kuru öksürük,egofoni,kızarıklık,karaciğer büyümesi,yorgunluk,,,,,,,,,,,,
Aort Kapağı Darlığı,eforla nefes darlığı,baygınlık,göğüs rahatsızlığı,sistolik üfürüm,siyatik,göğüs ağrısı,göğüs ağrısı,köpüklü balgam,düşük nabız,nefes darlığı,ağrı,,,,,,,,,,,,,,,,,
Meme Malign Neoplazmı,göğüste kitle,vücut yapısının büyümesi,dokunma hissinde bozukluklar,geriye itme,deri kızarıklığı,zorluk,doku bozukluğu,östrojen kullanımı,yanma hissi,nefes darlığı,şişme,karıncalanma,,,,,,,,,,,,,,,,
Şizofreni,işitsel halüsinasyonlar,aşırı uyku hali,sinirli ruh hali,sözlü ve işitsel halüsinasyonlar,hastanın karşı gelmesi,ajitasyon,intihara meyilli,endişelenmek,görsel halüsinasyonlar,olması gerekenden zayıf,evsizlik,,,,,,,,,,,,,,,,,
Divertikülit,karın ağrısı,bakterital apse,donukluk,kırmızı lekeler,ishal,dokununca acıma,idrar yaparken ağrı,ağrı,kusma,sinüs ritmi,karın ağrısı,düşük ateş,karın hassasiyeti,ateş,dengesiz yürüyüş,kalınlaşmak,idrar tutamama,anorexia,monoclonal,constipation,,,,,,,,
Aşırı Sıvı Yüklenmesi,solunumda hırıltı,juguler venöz dolgunluk,hiperkalemi,dik durma haricinde nefes darlığı,nefes darlığı,uyuklama,kilo almak,hipokalemi,tansiyon düşüklüğü,şişme,karın şişmesi,,,,,,,,,,,,,,,,,
Peptik Ülser,karın ağrısı,kısmi felç,mide bulantısı,kusma,birden fazla kasta ağrı,nefessiz kalma,göğüs ağrısı,hemipleji,guruldamak,açlık,düşük ateş,sinirlilik,,,,,,,,,,,,,,,,
Osteomiyelit,ağrı,kızarıklık,prostat hassaslığı,ateş,idrarı yapma zorluğu,dokununca acıma,şişme,düşük ateş,deri kızarıklığı,bakterital apse,ayak ağrısı,idrar yaparken duraksama,,,,,,,,,,,,,,,,
Gastrit,hem pozitif,karın ağrısı,kusma,dengesizlik,mide bulantısı,sarhoşluk,kanama,guaiac pozitif,ağrı,vücut ağırlığının azalması,dokununca acıma,baş dönmesi,,,,,,,,,,,,,,,,
Bakteriyemi,ateş,üşümek,kızarma,tepkisizlik,kayıtsız ruh hali,ürinom,kusma,karın şişmesi,hipoalbüminemi,püstül,prostatizm,ishal,karın hassasiyeti,plöretik ağrı,yarı saydamlığın azalması,solukluk,,,,,,,,,,,,
Böbrek Yetmezliği,dik durma haricinde nefes darlığı,idrar azlığı,idrar akışının yavaşlaması,aşırı yorgunluk,tepkisizlik,tansiyon düşüklüğü,idrar tutamama,nefes darlığı,kanama,prostatizm,durumunda değişiklik yok,yatalak,yorgunluk,,,,,,,,,,,,,,,
Orak Hücre Anemisi,ani ağrı,sırt ağrısı,ağrı,nefes darlığı,nezle,göğüs ağrısı,karın ağrısı,karaciğer ve dalak büyümesi,yeşil balgam,düşük ateş,baş ağrısı,,,,,,,,,,,,,,,,,
Kalp Yetmezliği,dik durma haricinde nefes darlığı,yorgunluk,eforla nefes darlığı,nefes darlığı,nefes darlığı,pansistolik üfürüm,juguler venöz dolgunluk,sistolik ejeksiyon üfürümü,tansiyon düşüklüğü,göğüs ağrısı,hamlık,,,,,,,,,,,,,,,,,
Üst Solunum Yolu Enfeksiyonu,öksürük,boğaz ağrısı,hırıltı,nefes darlığı,zor nefes alma,ateş,burun tıkanıklığı,kuru öksürük,nezle,kayıtsız ruh hali,egofoni,derin öksürük,birden fazla kasta ağrı,plöretik ağrı,gece terlemesi,nefes darlığı,balgamlı öksürük,decreased translucency,rhonchus,rapid shallow breathing,apyrexial,noisy respiration,nasal discharge present,emphysematous change,frail,cystic lesion,symptom aggravating factors,hemodynamically stable
Pulmoner Hipertansiyon,nefes darlığı,korneada demir birikimi çizgisi,bacakların ağırlaşması,solunum sesi azalması,boyun tutulması,eforla nefes darlığı,siyanoz,tansiyon düşüklüğü,sol atriyal hipertrofi,,,,,,,,,,,,,,,,,,,
Yutma Bozukluğu,dokunma hissinde bozukluklar,sendeleyerek yürümek,dizartri,ağrılı yutma,ses kısıklığı,hırıltı,spazm,bitkinlik,hızla hareket etme yetisinin kaybı,kas kordinasyon bozukluğu,akalazya,vücut ağırlığının azalması,sertlik,doku bozukluğu,yanda ağrı,,,,,,,,,,,,,
Gut,ani sıcak basması,ağrı,kızarıklık,şişme,deri kızarıklığı,amfizemde değişiklik,dokununca acıma,hamlık,karın iltihabı,hastanın karşı gelmesi,,,,,,,,,,,,,,,,,,
Trombositopeni,ezik,kanda monosit artışı,beyin omurilik sıvısı akıntısı,kanama,çok hızlı solunum,ateş,kaşıntı,tansiyon düşüklüğü,yorgunluk,,,,,,,,,,,,,,,,,,,
Hipoglisemi,tepkisizlik,hipotermi,doğal,tutarsız,qt aralığı uzadı,topallık,bilinçsiz durum,nemli cilt,sık idrara çıkma,solunumda zayıflık,tansiyon düşüklüğü,,,,,,,,,,,,,,,,,
Aspirasyon Pnömonisi,mediastinal kayma,ateş,kasların hızlı kasılıp gevşemesi,ruhsal durum değişiklikleri,yarı saydamlığın azalması,tepkisizlik,aşırı yorgunluk,sersemlik,nöbet geçirmek,morarma,hemipleji,öksürük,guruldamak,ağrı,ishal,karın ağrısı,,,,,,,,,,,,
Kolit,ateş,kalınlaşmak,yeşil balgam,kusma,mide bulantısı ve kusma,erken uyanmak,ağrı,mide bulantısı,üşümek,idrar zorluğu,idrar kaçırma hissi,karın ağrısı,hemodinamik olarak stabil,,,,,,,,,,,,,,,
Divertiküloz,dışkının idrarda bulunması,kabızlık,bakterital apse,hem pozitif,denge kaybı,ishal,kanama,ağrı,tazyikli kusmak,pnömatüri,kistik lezyon,anoreksiya,mide bulantısı,intihara meyilli hissetmek,umutsuz hissetmek,,,,,,,,,,,,,
İntihar Girişimi,işitsel halüsinasyonlar,uykusuzluk,intihara meyilli,motor kaslarda yavaşlama,ağlamak,konsantre olamama,todd felci,endişelenmek,yorgunluk,titreme,alkol yoksunluk belirtileri,ajitasyon,tepkisizlik,bayılma,içine kapanmak,zorluk,sinirli ruh hali,sensory discomfort,drowsiness,formication,unconscious state,fever,cough,,,,,
Pnömokistik Carinii Pnömoni,sarı balgam,kansızlık ve kilo kaybı,üşümek,vücut ağırlığının azalması,balgamlı öksürük,adele ağrısı,ishal,boyun tutulması,kuru öksürük,cinsel ilişki sırasında ağrı duyulması,hipokalemi,eforla nefes darlığı,zayıf diş yapısı,morarma,kuru öksürük,baş ağrısı,yumuşak ve sarkık,spontaneous rupture of membranes,,,,,,,,,,
Hepatit B,uygunsuz duygu durumu,çok hızlı solunum,sarı balgam,tazyikli kusmak,yetersiz beslenme,karın ağrısı,karın hassasiyeti,tekerlekli sandalyeye bağlı,inilti,,,,,,,,,,,,,,,,,,,
Parkinson Hastalığı,akalazya,düşmek,sertlik,içine kapanmak,ajitasyon,hemipleji,zorluk,tepkisizlik,baygınlık,kısmi yüz felci,ortostaz,endişelenmek,uyuklama,kanlı idrar,titreme,gece terlemesi,vücut yapısının büyümesi,,,,,,,,,,,
Lenfoma,doku bozukluğu,ateş,şerit,morarma,vücut ağırlığının azalması,kas kordinasyon bozukluğu,kulak çınlaması,plevral boşluğun hava ve sıvı ile dolması,üst üste binme,kanlı balgam veya kan tükürme,yorgunluk,polidipsi,idrarı yapma zorluğu,,,,,,,,,,,,,,,
Hiperglisemi,dokununca acıma,kaşıntı,garip hissetmek,püstül,omuz ve yüz arasında pembe ve mor noktalar,vücut ağırlığının azalması,depresif ruh hali,östrojen kullanımı,hırıltı,karın iltihabı,nöbet geçirmek,,,,,,,,,,,,,,,,,
Ensefalopati,düzensizlik,asteriksi,kanama,uyuklama,duruş,duyuları etklieyen belirti,tonik nöbetler,zayıflatma,bilincin açık olması,tepkisizlik,kalınlaşmak,hamlık,,,,,,,,,,,,,,,,
Triküspit Kapak Yetmezliği,nefes darlığı,ağrı,kusma,mide bulantısı,düşük nabız,karın ağrısı,ateş,yaranın kapanması,mediastinal kayma,bilişsel bozukluk,,,,,,,,,,,,,,,,,,
Alzheimer Hastalığı,salya,ajitasyon,kabus,göğüste hırıltılı ses,bilincin açık olması,yerinde göz bebekleri,yatalak,zayıf,titremenin kalması,hiperkalemi,kısmi yüz felci,halsiz,kas seğirmesi,tekerlekli sandalyeye bağlı,titreme,öksürük,ateş,,,,,,,,,,,
Pamukçuk,ishal,boğaz ağrısı,vücut ağırlığının azalması,üşümek,baş ağrısı,karın hassasiyeti,hastanın karşı gelmesi,ışık korkusu,gece terlemesi,ağrılı yutma,zayıf diş yapısı,morarma,kuru öksürük,olumsuz reaksiyon,karın şişkinliği,,,,,,,,,,,,,
Nöropati,bitkinlik,uyuşukluk ve hissizlik,mide bulantısı ve kusma,erken uyanmak,plevral boşluğun hava ve sıvı ile dolması,üst üste binme,çabuk yorulma,idrar zorluğu,ağrı,idrar akışının yavaşlaması,,,,,,,,,,,,,,,,,,
Böbrek Hastalığı,nefes darlığı,hiperkalemi,göğüs ağrısı,ateş,gravida 0,vajina kanaması,,,,,,,,,,,,,,,,,,,,,,
Fibroid Tümör,kanama,kürtaj,iki adet dönemi arası aşırı kanama,kas azalması,önceki gebelikler,nefes darlığı,ateş,göğüste ağrılı yanma hissi,ilk gebelik,anormal derecede sert şişkinlik,proteinemi,,,,,,,,,,,,,,,,,
Glokom,düşmek,karın şişmesi,dengesiz yürüyüş,dokunma hissinde bozukluklar,kanda sodyum azlığı,ajitasyon,bilinçsiz durum,yanma hissi,doku bozukluğu,vücut yapısının büyümesi,,,,,,,,,,,,,,,,,,
Tümör Metastazı,kalınlaşmak,tümör hücresinin yayılması,metastatik doku bozukluğu,boyun ağrısı,akciğer nodülü,ağrı,karın ağrısı,gıda sindirememe,vücut yapısının büyümesi,atipi,,,,,,,,,,,,,,,,,,
Kötü Huylu Kolon Tümörü,doku bozukluğu,prostatizm,kabızlık,genel rahatsızlık,ishal,karın ağrısı,idrar yaparken duraksama,baş dönmesi,zonklayan ağrı,düşük nabız,kusma,sistolik ejeksiyon üfürümü,mide bulantısı,ciddi ve aşırı kusma,polidipsi,,,,,,,,,,,,,
Diyabetik Ketoasidoz,sık idrara çıkma,kusma,mide bulantısı,karın ağrısı,garip hissetmek,guruldamak,sinirlilik,karın hassasiyeti,yutkunduktan sonra kusmak,bulanık görüş,idrar yaparken duraksama,ishal,nöbet geçirmek,duyuları etklieyen belirti,,,,,,,,,,,,,,
Tonik-Klonik Epilepsi,uyuklama,dudak şapırdatma,kas seğirmesi,titreme,yüksek ve kendi sesine duyulan korku,gözlerin yuvarlanması,uykulu,aşırı kıllılık,kaprisli,kas seğirmesi,tepkisizlik,baş ağrısı,çift el kullanma,spazm,vücut ağırlığının azalması,tümör hücresinin yayılması,,,,,,,,,,,,
Malign Neoplazmalar,kısmi felç,gravida 10,vücut yapısının büyümesi,doku bozukluğu,göğüste ağrılı yanma hissi,gece terlemesi,kalınlaşmak,üşümek,yarı saydamlığın azalması,karın ağrısı,donukluk,gıda sindirememe,solunumda zayıflık,tansiyon düşüklüğü,,,,,,,,,,,,,,
Solunum Yetmezliği,hemipleji,horlama,tepkisizlik,balgamlı öksürük,nefes darlığı,çok hızlı solunum,hiperkalemi,hamlık,sinüs ritmi,genel istikrarsızlık,uğultu,bilincin açık olması,nefes darlığı,doku bozukluğu,kızarıklık,,,,,,,,,,,,,
Melanom,vücut yapısının büyümesi,kısmi felç,ateş,gravida 0,ağrı,kaşıntı,göğüste kitle,kusma,ishal,,,,,,,,,,,,,,,,,,,
Gastroenterit,karın ağrısı,nefes tıkanma nöbeti,mide bulantısı,vücut ağırlığının azalması,dokununca acıma,göz beyazında sarılık,ateş,adele ağrısı,kanda sodyum azlığı,öğürmek,vücut yapısının büyümesi,vücut ağırlığının azalması,,,,,,,,,,,,,,,,
Kötü Huylu Akciğer Tümörü,doku bozukluğu,öksürük,akciğer nodülü,nefes darlığı,kanlı balgam veya kan tükürme,zayıflatma,guruldamak,ağrı,solunumda hırıltı,gece terlemesi,yarı saydamlığın azalması,bitkinlik,metastatik doku bozukluğu,ajitasyon,sinirli ruh hali,,,,,,,,,,,,,
Manik Bozukluk,artan enerji,intihara meyilli,aşırı uyku,intihara meyilli hissetmek,beyazlama,işitsel halüsinasyonlar,görsel halüsinasyonlar,sevinç,sözlü ve işitsel halüsinasyonlar,umutsuz hissetmek,zorluk,strese karşı savunma mekanizması geliştirememe,sözlü taciz edici davranış,intihara meyilli,intihara meyilli hissetmek,,,,,,,,,,,,,
Kişilik Bozukluğu,kabus,umutsuz hissetmek,transeksüel,işitsel halüsinasyonlar,sinirli ruh hali,uykusuzluk,ajitasyon,ağlamak,depresif ruh hali,çizik izleri,mide bulantısı ve kusma,aşırı yorgunluk,yanda ağrı,endişelenmek,idrar tutamama,evsizlik,sinirlilik,ascites,pruritus,,,,,,,,,
Karaciğer Hücrelerinin Primer Karsinomu,vücut yapısının büyümesi,dalak büyümesi,doku bozukluğu,felç,tümör hücresinin yayılması,kanama,kalınlaşmak,kayıtsız ruh hali,kansızlık ve kilo kaybı,hipotermi,doğal,karın ağrısı,karaciğer büyümesi,kan hücresi azalması,sersemlik,vücut ağırlığının azalması,nefes darlığı,cough,,,,,,,,,,
Akciğer Amfizemi,artan motor aktiviteyi gösteren davranış,yara dokusu,eforla nefes darlığı,koordinasyon bozukluğu,adele ağrısı,karbondioksit zehirlenmesi,nemli cilt,dini inancın olması,inilti,gece terlemesi,kansızlık ve kilo kaybı,solunum yolu semptonlarını ağırlaştıran faktörler,nefes darlığı,solunumda hırıltı,kızarma,ağrılı yutma,eklem ağrısı,choke,tenesmus,constipation,,,,,,,,
Hemoroid,kanama,azalan bağırsak sesleri,dışkı miktarında azalma,mide bulantısı ve kusma,açlık,ishal,baş dönmesi,kanda sodyum azlığı,kasların hızlı kasılıp gevşemesi,ağrı,akalazya,yanma hissi,guaiac pozitif,el uyuşması,hırıltı,öksürük,,,,,,,,,,,,
Bronşiyal Spazm,nefes darlığı,yara dokusu,düşük ateş,bilinen ilaç alerjisi yok,ağrı,balgamlı öksürük,boğaz ağrısı,nefes darlığı,göğüste sıkışma,kanda düşük oksijen,çok hızlı solunum,duyularda rahatsızlık,ateş,kusma,göğüste hırıltılı ses,hemipleji,hırıltı,,,,,,,,,,,
Afazi,kasların hızlı kasılıp gevşemesi,egofoni,kısmi yüz felci,yutma güçlüğü,kas seğirmesi,felç,bel ağrısı,adale kasılması - kramp,,,,,,,,,,,,,,,,,,,,
Morbid Obezite,nefessiz kalma,hareketsizlik,göğüs ağrısı,öksürük,mutsuz,zor nefes alma,hipotermi,doğal,nefes darlığı,kan hücresi azalması,hırıltı,kanda düşük oksijen,böbrekte hassasiyeti,sıcak veya ateşli hissetmek,,,,,,,,,,,,,,
Pyelonefrit,ateş,ağrı,idrar tutamama,kanlı idrar,kusma,üşümek,ishal,mide bulantısı,karın ağrısı,adele ağrısı,ateş,üşümek,,,,,,,,,,,,,,,,
Endokardit,plöretik ağrı,kalınlaşmak,adele ağrısı,düşük ateş,gece terlemesi,tekrarlama,nefes darlığı,dik durma haricinde nefes darlığı,bakterital apse,tansiyon düşüklüğü,öksürük,metastatik doku bozukluğu,solunum sesi azalması,vücut ağırlığının azalması,kısmi felç,hamlık,,,,,,,,,,,,
Perikardiyal Efüzyon,perikardiyal sürtünme,nefes darlığı,nefes darlığı,hemodinamik olarak stabil,kalp büyümesi,tansiyon düşüklüğü,iltihaplı balgam,kısmi yüz felci,ağrı,idrar azlığı,bayılma,sarhoşluk,,,,,,,,,,,,,,,,
Kronik Alkol Zehirlenmesi,titreme,işitsel halüsinasyonlar,intihara meyilli,zula,sinirli ruh hali,umutsuz hissetmek,intihara meyilli hissetmek,yeni kelimeler uydurmak,nöbet geçirmek,evsizlik,uykusuzluk,bilinçsiz durum,panik,solunum sesi azalması,nefes darlığı,,,,,,,,,,,,,
Pnömotoraks,nefes darlığı,kardiyovasküler bulgu,kanlı balgam veya kan tükürme,öksürük,karbondioksit zehirlenmesi,yumuşak doku şişmesi,prostatizm,ajitasyon,,,,,,,,,,,,,,,,,,,,
Deliryum,dengesiz yürüyüş,içine kapanmak,kanda sodyum azlığı,sözlü taciz edici davranış,intihara meyilli hissetmek,tepkisizlik,endişelenmek,uyuklama,işitsel halüsinasyonlar,intihara meyilli,ateş,ishal,,,,,,,,,,,,,,,,
Nötropeni,morarma,dalak büyümesi,gece terlemesi,düşük ateş,doku bozukluğu,nezle,üşümek,öksürük,monoklonal,hipokalsemi sonucu,idrar azlığı,rhd pozitif,solunumda zayıflık,,,,,,,,,,,,,,,
Hiperbilirubinemi,siyanoz,çok hızlı solunum,para test 1,düşük nabız,makat prezantasyonu,omuz ve yüz arasında pembe ve mor noktalar,öksürük,adele ağrısı,,,,,,,,,,,,,,,,,,,,
Grip,düzensizlik,ateş,plöretik ağrı,nezle,boğaz ağrısı,keyifsizlik,zayıflatma,solunum yolu semptonlarını ağırlaştıran faktörler,üşümek,göz beyazında sarılık,burun kanadı solunumu,idrar yaparken ağrı,dudak şapırdatma,baş ağrısı,hapşırmak,horlama,yeşil balgam,shortness of breath,distress respiratory,blackout,extreme exhaustion,,,,,,,
Bağımlılık,sarhoşluk,titreme,ajitasyon,intihara meyilli,evsizlik,prostatizm,rehavet,nöbet geçirmek,kas seğirmesi,burun tıkanıklığı,umutsuz hissetmek,bacakların ağırlaşması,solunumda hırıltı,,,,,,,,,,,,,,,
Trombüs,hamlık,anoreksiya,hipertoniklik (kasların aşırı kasılması),nefes darlığı,hipoalbüminemi,kaşıntı,dokununca acıma,hemodinamik olarak stabil,kısmi yüz felci,kusma,dışkı renginin sarı olması,,,,,,,,,,,,,,,,,
Kolesistit,inilti,mide bulantısı,karın ağrısı,murphy belirtisi,şişkinlik,karın ağrısı,ağrı,karın iltihabı,ishal,qt aralığı uzadı,kardiyovasküler bulgu,halsiz,sinüs ritmi,nefes nefese kalmak,kabızlık,rektumdaki dışkı,anormal derecede sert şişkinlik,,,,,,,,,,,
Hiyatus Hernisi,karın ağrısı,çabuk yorulma,ön belirti,kusma,mide bulantısı,adele ağrısı,kanda sodyum azlığı,dokununca acıma,genel rahatsızlık,eforla nefes darlığı,asteriksi,guaiac pozitif,el uyuşması,baş ağrısı,ışık korkusu,,,,,,,,,,,,,
Migren Bozuklukları,çift el kullanma,kusma,baş dönmesi,uyuşukluk ve hissizlik,mide bulantısı,ateş,dalak büyümesi,,,,,,,,,,,,,,,,,,,,,
Pansitopeni,kanda protein eksikliği,yorgunluk,kanama,çabuk yorulma,omuz ve yüz arasında pembe ve mor noktalar,dışkı renginin sarı olması,karın ağrısı,,,,,,,,,,,,,,,,,,,,,
Kolelityaz,kusma,mide bulantısı,karın ağrısı,ağrı,omuz ve yüz arasında pembe ve mor noktalar,karın iltihabı,kalınlaşmak,dokununca acıma,ishal,düşük ateş,çarpıntı,,,,,,,,,,,,,,,,,
Sinüs Taşikardisi,sol atriyal hipertrofi,ter,alkol bağımlılığı,göğüste baskı,yara dokusu,kardiyovasküler bulgu,ortostaz,nefes darlığı,ters t dalgası,kusma,karın ağrısı,,,,,,,,,,,,,,,,,
İleus,bakterital apse,akut batın,hava sıvı seviyesi,nefes almak,karın hassasiyeti,mide bulantısı,dokununca acıma,şişkinlik,ishal,vücut yapısının büyümesi,düşük ateş,kabızlık,kalınlaşmak,gravida 0,karın ağrısı,,,,,,,,,,,,,
Adhezyon,şişkinlik,ağrı,doğacak büyüklüğe ulaşmış fetüs,para test 1,kusma,akciğer nodülü,makat prezantasyonu,nefes darlığı,vücut ağırlığının azalması,hareketsiz,dengesiz yürüyüş,görsel halüsinasyonlar,intihara meyilli hissetmek,,,,,,,,,,,,,,,
Sanrı,bilinç kaybı,değişken ruh hali,umutsuz hissetmek,ajitasyon,işitsel halüsinasyonlar,sinirli ruh hali,uykusuzluk,yeni kelimeler uydurmak,cinayet düşünceleri,rahatsız aile,endişelenmek,strese karşı savunma mekanizması geliştirememe,sözlü taciz edici davranış,donakalmak,intihara meyilli,dehşete düşürmek,bayılma,weepiness,impaired cognition,irritable mood,agitation,,,,,,,
Duygu Değişimi,aşırı yorgunluk,uykusuzluk,idrar tutamama,hastanın karşı gelmesi,umutsuz hissetmek,görsel halüsinasyonlar,yatalak,prostatizm,,,,,,,,,,,,,,,,,,,,
Dekübit Ülser,sistolik üfürüm,zayıf,ateş,,,,,,,,,,,,,,,,,,,,,,,,,
